"Date","Post Type","Content","Video Thumbnail","Image","Like","Retweet","Reply"
"2024-03-19T01:02:01.000Z","text","oh fuck，但我二进宫翻倍了这波怎么说","","","1","","3"
"2024-03-19T01:00:26.000Z","text","等我睡醒就参与这场运动","","","1","1",""
"2024-03-19T00:55:36.000Z","text","Tagging chads:



















","","","4","1","2"
"2024-03-18T22:00:05.000Z","text","我不知道你从 $slerf 中学到了什么，反正我认为 $slerf 教会了两件事

1. 教会了起盘人伟大的meme是政治运动
2. 教会了VC bros牛市里FDV是个memeWill be finding a trusted 3rd party  to set up a donation wallet to hopefully raise enough to refund the presale contributors or attest a decent chunk.

Comment recommendations

Once this is complete Slerf will be the most unstoppable meme in all of crypto.

$slerf x.com/slerfsol/statu…","","","22","1","1"
"2024-03-18T20:26:20.000Z","text","如果eigenlayer这种史诗级互助盘都救不了，又该当如何？","","","1","","1"
"2024-03-18T20:20:51.000Z","text","Opinion: he didn’t get it","","","","",""
"2024-03-18T16:40:40.000Z","text","是的","","","","",""
"2024-03-18T16:11:18.000Z","text","When you have the police doc, send me one I’m in process wif the CEXs","","","1","",""
"2024-03-18T16:06:50.000Z","text","Ain’t really trying to FUD you. But even just for PR purpose, it’s disappointing to see that you are so desperately trying to keep yourself out of this. Just say ‘we do the best to help with the effort of chasing the fund’ would be a better statement than what you did","","","5","",""
"2024-03-18T16:04:54.000Z","text","Bro, it’s your shot in meme meta again😂","","","2","","1"
"2024-03-18T16:00:46.000Z","text","Clutchy 和Sui正在努力，很有可能有他的KYC，跑得了和尚跑不了庙","","","2","","1"
"2024-03-18T15:59:49.000Z","text","希望mysten能抓住

 if I were you , while chasing the stolen fund, I would rather contribute a fund wit all involved projects and KOL, burn the LP like Slerf and LFG. You would get traffic, volume, and respect. I’m willing to join you in that venture","","","3","","1"
"2024-03-18T15:50:01.000Z","text","徐总，Stop to do it =停下来去干这个事。明天更多shill了要Let me clarify OKX listing team’s vision is discover valuable and early stage utility tokens for our customers. We don’t accept pitching for listing, we research potential projects from the market and keep to track the performance of the tokens for long time. Our listing… x.com/kryptocoins/st…","","","8","","4"
"2024-03-18T15:48:30.000Z","text","Sui的土狗季要是这把不维权这没开始就结束了，那还拿什么跟apt竞争啊。长点心吧各位Open letter to Sam:

Dear Sam, you have 12h to return the funds otherwise your ID and photo will be forwarded to the law enforcement agency.

If you forgot you did KYC before the launch on Clutchy, we still store all the data. x.com/GommiesNFT/sta…","","","13","2","6"
"2024-03-18T15:43:47.000Z","text","帮john cena起盘","","","2","1",""
"2024-03-18T13:49:59.000Z","text","不用，直接来妙瓦迪吃席","","","","",""
"2024-03-18T13:48:46.000Z","image","ai新骗局Gate $YOURAI Initial Free Offering: $YOURAI

🗓️ Subscription: 8:00am, Mar 17-Mar 19 (UTC)
⏰ Trading Starts: 12:00pm, Mar 19 (UTC)

Check it out: https://gate.io/startup/1279 on @gate_io.","","https://pbs.twimg.com/media/GI3QSobW0AAUxx1?format=jpg&name=medium","5","1","2"
"2024-03-18T13:35:08.000Z","image","Huh for real?","","https://pbs.twimg.com/media/GI9ON4vbAAArBqD?format=jpg&name=medium","15","1","7"
"2024-03-18T13:18:58.000Z","text","你有没有想过，我一顿分析，并不耽误我同时无脑打钱？","","","1","","2"
"2024-03-18T10:01:59.000Z","text","You got his KYC no?

Time to call KGB ser","","","2","",""
"2024-03-18T10:01:00.000Z","text","一姐，我一直是币安的支持者

我们现在在买入一个史诗级的项目
没有庄，没有做市商，没有任何老鼠仓

这是solana上第一个代表人民的代币

真心希望你们能考虑考虑这个项目！

7BgBvyjrZX1YKz4oh9mjb8ZScatkkwb8DzFx7LoiVkM3一姐，我一直是币安的支持者
@heyibinance
我们现在在买入一个史诗级的项目
没有庄，没有做市商，没有任何老鼠仓

这是solana上第一个代表人民的代币

真心希望你们能考虑考虑这个项目！

7BgBvyjrZX1YKz4oh9mjb8ZScatkkwb8DzFx7LoiVkM3","","","16","5",""
"2024-03-18T09:43:40.000Z","text","You gotta be kidding me palAnnouncement to the @GommiesNFT community. The new owners, the Gommies brand and the new team behind Gommies, is NOT IN ANY WAY affiliated with the Meme coin recently launched by original founder Romas. We have been notified that something has happened to his personal accounts…","","","2","","1"
"2024-03-18T09:42:55.000Z","text","Rugged from China","","","2","1","1"
"2024-03-18T09:42:27.000Z","text","你真惨，pika何苦为难pika","","","","",""
"2024-03-18T09:40:29.000Z","text","绝了，我也第一次在Sui被Rug，妈的","","","","",""
"2024-03-18T09:29:29.000Z","text","操他妈太傻逼了，sui上拿过grant的都kyc过这也敢跑路","","","4","","2"
"2024-03-18T09:21:47.000Z","text","  seems rugged. Any comments you wanna add? ","","","2","","2"
"2024-03-18T09:16:10.000Z","text","Sui没打的别打了！

搞不巧   那边rug了！","","","5","1","19"
"2024-03-18T08:52:52.000Z","text","深圳","","","","","2"
"2024-03-18T08:15:32.000Z","text","哈哈哈哈哈哈，why not，不给发空投呗不就是","","","1","","1"
"2024-03-18T07:44:13.000Z","text","I feel sorry but not so much sorry for my $sol bag

Respect ser, for whatever reason 🫡","","","","",""
"2024-03-18T07:36:41.000Z","text","是的","","","2","",""
"2024-03-18T07:28:40.000Z","text","其实地推圈子有很多人认知并不低。地推是手段，就像我们搞空投，开SPS一回事","","","7","",""
"2024-03-18T07:10:39.000Z","text","我现在带不了，我可以带你体验柬埔寨地推氛围tho","","","1","","1"
"2024-03-18T07:10:05.000Z","text","这个老哥不是degen，是我的同行","","","1","","2"
"2024-03-18T06:53:00.000Z","text","大妈胜率超过我们中80%人","","","3","","1"
"2024-03-18T06:51:03.000Z","text","你突破了盲肠","","","","",""
"2024-03-18T06:50:25.000Z","image","You can always trust Asian MLMs
你永远可以相信中国地推

$WLD $ARKM $AGIX $FET $RNDE
$SOL $JUP $PYTH $PIXEL $YGG $RONIN $ONDO","","https://pbs.twimg.com/media/GI7xlV8aUAE0dxr?format=jpg&name=medium","133","52","51"
"2024-03-18T06:37:07.000Z","text","算吧","","","","",""
"2024-03-18T06:10:26.000Z","text","看站在谁的角度说，站在ICO项目自己的角度只是入金，站在公链角度算拆分盘","","","","","1"
"2024-03-17T20:59:05.000Z","text","那你就没理解为什么daomaker每次发里都是在确定性牛市，每次都要拼出一个全语言的kol全家桶来launch每一个项目。砸没事，重要的是能hype起来。能hype起来，才能拉起来

我讲的这么直白不过了弟兄","","","1","","1"
"2024-03-17T19:48:57.000Z","text","Bro got TG Chinese chat to vibe in?","","","2","","1"
"2024-03-17T19:28:10.000Z","text","Fail me and I will shoot you, or make a W & I shill the crap out of ya all over Chinese ebeggars

0x79ec590c22eb1f12d6854af3b2f15a22ae07c5e762ee19affd6bf8e0a772b93e","","","2","",""
"2024-03-17T19:14:05.000Z","text","冲，gommies的，下线不会太差","","","1","","3"
"2024-03-17T18:49:18.000Z","image","作为一个成功与失败经验同样等身的开盘人, 在牛市, 我对新来的康艺术家们(con-artists)的忠告:

1. 不要起慢盘
2. 要起赌盘，哪怕是长得像赌盘的分红盘
3. 一定要模仿，做每个项目的仿盘。把每个项目最来流量的部分缝合在一起，你就是最亮的犊子
4. 流量哪里多去哪里，不要试图另辟蹊径，打不过就加入","","https://pbs.twimg.com/media/GI5MZcsbMAIibGt?format=png&name=small","40","3","4"
"2024-03-17T16:27:09.000Z","text","2021 was pretty dope innit?","","","","",""
"2024-03-17T09:23:43.000Z","text","大刻学家啊巫师哥","","","7","","1"
"2024-03-17T08:47:14.000Z","image","稳中向好，感觉自己买的不是个土狗买在无人问津处，APTOS也出狗

50M+ FDV的狗绝对不是“金狗”可以解释的

IYKYK

https://twitter.com/doodoocoin/status/1768622717115228209?s=46&t=mBkGyMIcMFVYls_XirwEFw…","","https://pbs.twimg.com/media/GI3Cqtbb0AAIypJ?format=jpg&name=medium","5","1","3"
"2024-03-17T08:25:01.000Z","text","本质上都是一种市值模型，操大了叫meme，没起来叫土狗","","","4","","1"
"2024-03-17T08:24:14.000Z","text","Daomaker上的，冲的话就看一个tge，以拉盘猛烈著称，但后期不要抱太多念想","","","1","1","1"
"2024-03-17T07:29:27.000Z","text","高端矿机盘啊老板来一个","","","1","",""
"2024-03-17T07:28:35.000Z","text","ai meme和矿机盘双修","","","","",""
"2024-03-17T07:20:43.000Z","image","Ai 说穿了，要么矿机盘，要么就是meme

只要是meme，一定是从公平发射到越来越像机构盘（参见bounce和turtsats之于铭文），但走形只代表资金的取向

事物不会在虚空中运行，不要错过每个知行合一的机会The day you've all been waiting for:

$YOURAI launching on March 19, 2024.","","https://pbs.twimg.com/media/GIzsjYiWcAA7pXY?format=jpg&name=medium","23","2","6"
"2024-03-17T06:58:56.000Z","text","Solana took too much viagra","","","1","","1"
"2024-03-17T06:37:44.000Z","text","Yea bro now Solana is congested. Dev pls do somethingMy bold prediction: There are no longer any order of magnitude improvements to blockchain technology left x.com/KyleSamani/sta…","","","10","","3"
"2024-03-16T20:02:40.000Z","image","酱油一晚上，回来感觉像错过了一个世纪

只能捡抬头的剩饭了 $Goo

行情诡异，谨慎行事","","https://pbs.twimg.com/media/GI0TvE8akAAw_R5?format=jpg&name=medium","5","","3"
"2024-03-16T17:46:22.000Z","text","这又是他们不理解的地方：火过的生态和完全没火过的生态，是共识级别的区别

长久不长久并不那么重要","","","1","",""
"2024-03-16T10:28:16.000Z","video","此刻一位卖飞的心碎网友：","","https://pbs.twimg.com/ext_tw_video_thumb/1768947330118799360/pu/img/icJZlTuesrg2toOX.jpg","51","14","5"
"2024-03-16T10:02:13.000Z","text","我们都是康艺术家","","","","",""
"2024-03-16T09:43:44.000Z","image","“啊？！”#Binance will list @Darkfarms1 $BOME with seed tag applied.

👉 https://binance.com/en/support/announcement/bca0f355cf004367b90d7e48fee3470c…","","https://pbs.twimg.com/media/GIyD0yvbkAAR_zR?format=jpg&name=medium","8","1","5"
"2024-03-16T09:39:14.000Z","image","土狗小赌怡情，A7以上小朋友除BTC SOL的主仓，稳定币压箱底钱可以试试

新vault理财，新版支持：

1. 单边加LP
2. 自动复投
3. 自动平衡仓位

妈妈再也不用担心你不会V3稳定币理财了

当前年化30%+，如果你怕钱放交易所碰到SBF，丢在钱包没利息，来试试黑客都整不明白的Sui吧Hey guys, we're thrilled to launch CETUS VAULTS today to bring you upgraded LP automation.🥳

With Cetus Vaults, users can start liquidity provision on @CetusProtocol a lot easier and don't need to endure headaches on manual position management & reward harvesting.

See more in…","","https://pbs.twimg.com/media/GItBa6KaAAAbvSI?format=jpg&name=medium","6","1","2"
"2024-03-16T08:48:35.000Z","text","反思中","","","2","",""
"2024-03-16T07:16:47.000Z","text","没事，ebeggar的钱他们不赚","","","1","",""
"2024-03-16T07:00:30.000Z","text","Always has been","","","1","","1"
"2024-03-16T06:49:19.000Z","text","慧根不足啊兄弟","","","","",""
"2024-03-16T06:49:07.000Z","text","你想想声调对吗","","","1","",""
"2024-03-16T06:46:53.000Z","text","去年我就说，生态想要出人头地，不要去搞dev grant，招来的都是低质量的跨链nomad

真正的搞生态就是把这个钱省下来，给子项目当做市商，直接拉盘低流动性资产，赚人气赚社区还赚钱如果错过了 $Bome
不要肆意的把子弹挥霍在抄底还有很多无意义的开盘上
我这里整理了一些链上标的，会分别论述一下购买的原因

首先，我一直强调，什么标拉出了什么赛道，就买什么龙头，你还看好meme赛道，你就应该买 $pepe $wif $bome ，资金外溢可以买 $pogai ， $IQ50，这些我都在群里提过…","","","48","3","5"
"2024-03-15T19:43:21.000Z","text","没有慧根","","","","",""
"2024-03-15T19:42:59.000Z","text","你看看声调对吗","","","","",""
"2024-03-15T19:16:03.000Z","text","论抗跌，论无人问津，论高潜能，我只提四个字 ➡️↘️➡️➡️","","","15","","10"
"2024-03-15T15:11:33.000Z","image","我call点东西还行吼","","https://pbs.twimg.com/media/GIuHgmXa4AAJ4kc?format=jpg&name=large","3","","1"
"2024-03-15T14:25:27.000Z","image","boner 开始了","","https://pbs.twimg.com/media/GIt89ZxbsAEZqH9?format=jpg&name=medium","1","","1"
"2024-03-15T13:28:35.000Z","text","你不是一个人在战斗","","","4","","1"
"2024-03-15T12:44:09.000Z","text","Pray for the boner","","","2","","1"
"2024-03-15T12:28:45.000Z","image","愣是没砸下去，又拉回来了 $EWON

Solana土狗就是新BSC

","","https://pbs.twimg.com/media/GIthqKOagAA44rL?format=jpg&name=medium","27","6","10"
"2024-03-15T11:46:53.000Z","text"," the jacket stays on","","","1","","1"
"2024-03-15T11:08:17.000Z","text","下次要格局打开","","","","","1"
"2024-03-15T10:59:27.000Z","text","minion是赌狗的好朋友","","","1","",""
"2024-03-15T10:39:49.000Z","text","看着K线，突出一个“啊?!” 字","","","1","","1"
"2024-03-15T10:38:59.000Z","text","主要还是给大家心里按摩，抓不到狗不要紧，发狗的也没抓到😂","","","8","","1"
"2024-03-15T10:36:20.000Z","text","我真当普通土狗来的…","","","","","1"
"2024-03-15T10:33:16.000Z","text","苞米( $bome) ape 复盘：
1. 39M FDV的时候冲了 10 SOL
2. 50M的时候被  按头锁仓
3. 100M时: 艹，上少了!
4. Mexc上币/朋友圈几个Top signal开始说上车赚钱：艹，跑! (130M?)
5. 一觉起来 399M:

?!

这个故事告诉我们，在土狗圈不要刻舟求剑，并且胆不够肥的话，有的偏财注定不属于你","","","64","6","12"
"2024-03-15T09:02:17.000Z","text","zac 哥哥 太牛了","","","","",""
"2024-03-15T08:21:19.000Z","text","How come he’s blue?","","","2","","1"
"2024-03-15T06:16:14.000Z","text","来，大声喊出最大叙事：
发公链！发大估值公链！发大估值公链拆分盘！","","","9","","2"
"2024-03-15T04:52:37.000Z","text","唯一不灵的就是他在以太系上","","","1","",""
"2024-03-15T04:41:02.000Z","text","我从事这三个行业要早于我从事crypto","","","1","",""
"2024-03-15T04:39:20.000Z","text","三个：邪教、盘子、赌场，恰巧是我为之奋斗终身的三个事业","","","10","","3"
"2024-03-14T18:11:06.000Z","text","I tragically mistook $Hood call for $Hook and now rekt","","","3","","1"
"2024-03-14T18:03:28.000Z","text","真理","","","2","",""
"2024-03-14T13:48:02.000Z","text","翻译错了，哪有什么坎昆升级，那是蹲坑升级","","","1","",""
"2024-03-14T13:24:02.000Z","text","","","","21","5","3"
"2024-03-14T12:33:59.000Z","text","okx的回复速度堪比夹子","","","1","",""
"2024-03-14T12:32:22.000Z","text","汗流浃背了，40了我还没开上阿斯顿马丁","","","2","",""
"2024-03-14T12:31:30.000Z","image","Higher for longer","","https://pbs.twimg.com/media/GIoZS2Wa8AA7uNv?format=jpg&name=medium","","","1"
"2024-03-14T09:20:06.000Z","text","好好好，你正确，你比勃列日涅夫还正确","","","1","","1"
"2024-03-14T09:18:20.000Z","text","4202年了快醒醒","","","3","","1"
"2024-03-14T09:08:32.000Z","text","10 yrs of launching meme/ponzis/scams ✅

Corporate finance exp of getting rugged by CN state-owned corporations✅

Living in Thailand next to weed stores ✅

LFG","","","3","","1"
"2024-03-14T09:04:39.000Z","text","懂了，这就就近安排手术","","","1","",""
"2024-03-14T09:03:50.000Z","text","“有句老话叫，牛逼的是市场，不是你，
无论pyth、wif、jup等等，还是sol本身，
赚到钱都没有什么好吹嘘的。
我拥抱SOL生态并获得收益，
并不是因为我有交易水平，
而是我站在了历史的正确一边，
拥抱了属于全人类web3未来的伟大公链。” — ","","","81","10","18"
"2024-03-14T08:37:08.000Z","text","空投本身就是用来做筹码结构和cx扩大受众面的，注定只能有一小部分能够共谋。当参与的人超过了筹码结构的量就会出现反撸。所以撸毛大多大热必死","","","1","",""
"2024-03-14T07:05:29.000Z","text","我200斤阁下如何应对","","","","","1"
"2024-03-14T04:06:13.000Z","image","缩量但买盘意愿强

狗帽子是Shib得话这个 $bendog 就可能是Floki，打不过就加入

一顿市值模型横竖研究，结果Sol土狗选择大于努力","","https://pbs.twimg.com/media/GImhaKzagAE7Djh?format=jpg&name=medium","18","5","12"
"2024-03-13T19:43:05.000Z","text","Shenzhen time!","","","","",""
"2024-03-13T17:56:30.000Z","text","你要下车早了就3倍了，不过现在还行","","","","","1"
"2024-03-13T14:40:05.000Z","text","倒不是，我感觉是帮忙“做了”usdc的数据","","","2","",""
"2024-03-13T14:28:07.000Z","text","拉盘的除外","","","1","","1"
"2024-03-13T14:27:32.000Z","text","姐，收费群带带","","","","","3"
"2024-03-13T12:59:11.000Z","text","痛风了吃完","","","2","1","1"
"2024-03-13T11:34:15.000Z","image","给开源镰刀拉了个微信群，主营老鼠仓/喊单/400U/土狗共谋

入群要求:
1. 能喊单，会喊单
2. 喊了好使
3. 维权讲政治敏感度
4. 会搞收费群者优先

符合条件，命里有偏财者DM我入群","","https://pbs.twimg.com/media/GIjCdJeboAIUCaI?format=png&name=360x360","54","4","52"
"2024-03-13T10:50:35.000Z","text","笑不出来了","","","","",""
"2024-03-13T09:50:29.000Z","text","需要新型诈骗","","","","",""
"2024-03-13T07:40:48.000Z","text","你们稍微慢点发我盘子，我一会要评论灰度，一会Makerdao，一个一个来","","","1","1","1"
"2024-03-13T07:34:32.000Z","text","GG","","","1","","1"
"2024-03-13T07:34:12.000Z","text","We go through mass admission","","","1","",""
"2024-03-13T06:40:59.000Z","text","但是趴钱确实不少，这个不用散户","","","","","1"
"2024-03-13T06:40:34.000Z","text","TVL前十了之前，还是有人用的毕竟APY可观😅","","","","",""
"2024-03-13T06:39:48.000Z","text","sui是其实更容易匿踪。我去年就写过当时wormhole的pegged token在sui上面有蹊跷。TVL现在也是真实的因为确实有很多apy sui更高。但你说场外u卖不掉，这个确实","","","8","","1"
"2024-03-13T06:36:51.000Z","text","老板，你这么一说我很慌","","","4","",""
"2024-03-13T03:40:00.000Z","text","大家发现没有，Sui上从来没出过能想得起来的安全事故，哪怕很多项目团队都很草台？","","","66","2","46"
"2024-03-12T17:50:56.000Z","text","Not. A. Big. Deal.","","","1","",""
"2024-03-12T13:44:32.000Z","text","旁氏现在是显学了，上一轮还是增长秘术，这一轮是基本配套","","","","",""
"2024-03-12T13:40:52.000Z","text","这轮旁氏牛更明显吧，已经到公链级别了","","","2","","1"
"2024-03-12T13:13:30.000Z","text","拆分互助盘了属于是，完了估计还要再搞点加杠杆盘子INTERESTING: Grayscale launching $BTC, a mini-me low fee version of $GBTC which investors in GBTC will be able to get into w out tax hit (I believe) via a special dividend. @JSeyff called for this months ago in a note. No brainer in our opinion. Don't know exact fee yet tho. x.com/EleanorTerrett…","","","9","","2"
"2024-03-12T11:15:09.000Z","text","有没有一种可能我的thread也是先英文后机翻的？😂","","","","",""
"2024-03-12T08:13:04.000Z","text","改空投了","","","","",""
"2024-03-12T07:41:58.000Z","text","我还以为是克隆人账号","","","1","","1"
"2024-03-12T07:40:24.000Z","text","来一锅见手青","","","","",""
"2024-03-12T07:31:12.000Z","text","要不我跟他约个会议说说“精聊？”当年我们那颗粒度…不是一般细","","","2","",""
"2024-03-12T06:54:39.000Z","text","果然Retard...

改空投了，还给你写明劲省2/3 gas...真特么会过日子Attention fellow potheads/IQ50s/Retards,

Change of idea:

All NFTs will instead be sent to your address for gas-saving purpose in the next couple of hours (2/3 saved)

Thanks for your understandings

#WHO333 x.com/WHO_ERC404/sta…","","","6","","2"
"2024-03-12T06:09:38.000Z","text","“真的Rug了搞到年底去了”","","","","",""
"2024-03-12T05:59:28.000Z","video","WHO404更名WHO333，今天可以换合约领回锅子了

各位背锅侠注意了You said we were retarded, you were goddamn right

But here we are, #WHO333 is here

If you were a holder or bought from OKX NFT before delisting, you are eligible to claim back your pot on Ethereum

Gas refundable on Arbitrum. More tweets to come

Starts at: 6am UTC, 12/03/2024","","https://pbs.twimg.com/ext_tw_video_thumb/1767255963323797504/pu/img/RjLlnu57I2j0mk2Z.jpg","10","","2"
"2024-03-11T15:53:07.000Z","text","这是一个假设","","","","",""
"2024-03-11T14:31:25.000Z","text","不是，姐，你这个投研强度我非常焦虑啊","","","5","","1"
"2024-03-11T10:32:28.000Z","text","流动性指的是二级市场交易量
产出流通指的是矿币产量累计出来的总流通量","","","1","","2"
"2024-03-11T09:29:28.000Z","image","市场充分估价的赛道不要给我聊技术
运营能力是第一位的
恭喜我司Portfolio Metis#Binance will list @MetisL2 $METIS with Seed Tag applied.

👉 https://binance.com/en/support/announcement/a73748f501dc48f6ba3d68d724052492…","","https://pbs.twimg.com/media/GIX-r4rXgAAoT4u?format=jpg&name=medium","20","","4"
"2024-03-11T08:26:40.000Z","text","熬过去了兄弟","","","2","","1"
"2024-03-11T07:54:51.000Z","text","不应该是霾迷嘛","","","","",""
"2024-03-11T07:44:52.000Z","text","vc不会起盘子干不好vc","","","2","",""
"2024-03-11T06:27:50.000Z","text","卧槽我从前边几片复制过来，复制忘了","","","1","",""
"2024-03-11T06:27:17.000Z","text","想象一下，到Trustlabs的积分任务里最后被Trustlabs女巫，请君入瓮，行为艺术了属于是","","","2","","1"
"2024-03-11T06:12:26.000Z","text","Tagging chads:




















","","","10","","5"
"2024-03-11T06:12:25.000Z","image","17/ 望我辈不要妄自菲薄，你今天的仿盘、老鼠仓、CX模式，终有一天会让全球韭菜发现，没你坐庄根本没法玩，大VC大背书真刀真枪远不如南山区赛博黑奴，你才是帮他们完成Crypto Mass Admission的试炼考官

这一天将很快到来，或者说，已经到来

本篇是三盘理论最后一篇。未来理论演进将再度更新","","https://pbs.twimg.com/media/GIXle3WagAACbMv?format=png&name=medium","10","","2"
"2024-03-11T06:12:24.000Z","image","16/ 这个行业的精英化，不是指参与者背书越来越高履历越来越牛，他们只是这个行业外墙刷的大白

真正的主心骨，是盘子各个领域专业、工业化了的团队，快速交付、快速发行、快速渗透。ETH所有大市值土狗背后不过10来个团队。全链所有大火的盘，除少数美国个人degen开发，基本都是深圳、胡志明、吉隆坡","","https://pbs.twimg.com/media/GIXlXjiaQAAZ2Pc?format=png&name=360x360","7","","1"
"2024-03-11T06:12:23.000Z","image","15/ 最后总结一下, 盘子工业化:

技术上: 复用成熟技术+微创新+可组合性
信任上: 根据受众评估信用需求，最小化成本
获客上: 往流量高处走（或预判）
市值上: 低成本掌握筹码，提高市场诱导效费比
退出上: 提前执行，长期准备

工业化考验技术熟练、人员配合、资源整合、计划执行水平，需反复发盘锤炼","","https://pbs.twimg.com/media/GIXlTo_aoAAflWU?format=png&name=medium","4","1","1"
"2024-03-11T06:12:22.000Z","image","14/ 当然，以上说的都是如何套现退出。但牛短熊长，怎可能时时如愿？做市的本质就是对当下的情况做出判断，而非预测未来，按部就班。

当起盘时，就应该对止损止盈做出规划。市场不及预期，买盘或者卖盘差到什么程度就要止损？市场出现反转，什么信号出现就要见好就收？三盘是术，审时度势是道","","https://pbs.twimg.com/media/GIXlPhaaYAAkyDi?format=png&name=240x240","2","","1"
"2024-03-11T06:12:19.000Z","image","11/ 退出成本: 指的是为了最大化市值退出利润而付出的成本。我把它分三种: 暴力退出成本, 链上盘中退出成本，链下盘中退出成本

首先，一个盘子自然凋零退出没成本，因为没人在乎。而暴力退出指的就是我们所说的硬跑路，比如预售跑路(西坦, LENA), 关盘跑路(传统链下资金盘)，但不包括Uni撤池子","","https://pbs.twimg.com/media/GIXk_u5bsAAPp-p?format=png&name=small","3","","1"
"2024-03-11T06:12:18.000Z","text","10/ 铭文: 在链上机器人没有被行情杀光之前，越来越多的铭文项目方选择发行时设置1次mint打完整个流通盘，再分配到数百个钱包中，而非几百个钱包分别mint。

这同样是筹码成本的考虑。这能避开被抢庄风险，同时向钱包转账成本远低于mint成本。总矿工费降低5倍以上。没有mint损失的热度通过KOL轮弥补","","","1","","1"
"2024-03-11T06:12:17.000Z","image","9/ 高融资项目的奥德赛和反女巫:
高融资项目通过任务或Point来完成了数据以及老鼠仓的注入。这个老鼠仓包括了利益相关方，传播渠道方，项目方本身 - 这些是项目能最大化收益的保证。

而反女巫则是一种优化筹码结构的方式，因为空投是按比例分发，这是一种变相降低筹码获得和诱导成本。浑水才能摸鱼","","https://pbs.twimg.com/media/GIXk40HboAA2Djm?format=png&name=medium","2","","1"
"2024-03-11T06:12:16.000Z","image","8/ 因此，当热度相同，项目方出于筹码获得成本的考量，会更偏向Free Mint。一个中心化控制Mint资格的Free Mint是最佳的低流动性资产坐庄方式之一, 好于收费销售(因为社区会认为可能跑路)。

但如果一个纯公平发射、没老鼠仓的发射，则会导致无法控盘，前期只能依赖市场换手博弈，反而透支二级价格预期","","https://pbs.twimg.com/media/GIXk1CwaoAALkJZ?format=png&name=medium","2","","1"
"2024-03-11T06:12:15.000Z","image","7/ 首先是Free Mint: Free mint效果与空投相同，本质目的是为了低成本获客，造成最大热度。只要热度够，就意味着最初阶段有足够买盘

纯链上Mint是机器人大战，抽奖式mint则更可控。即使如此，为了控盘90%, 一个1万NFT的mint如果收费，意味着项目方需要至少几百个钱包和9000个mint的资金和相应GAS","","https://pbs.twimg.com/media/GIXkxxJbgAA54EA?format=png&name=medium","3","","2"
"2024-03-11T06:12:14.000Z","image","6/ 交易成本: 主要指的是gas费或者交易手续费，按下不表
诱导成本: 指的是制造市场数据诱导用户向某侧交易的成本，包括但不限于：
- KOL/媒体诱导成本
- 关键点位扫地板/画线成本
- 刷交易量gas成本

理解了做市成本的成分，我们就不难理解很多盘子的运营方式，下面简单举几个例子：","","https://pbs.twimg.com/media/GIXktptaEAA5Onx?format=png&name=medium","3","","1"
"2024-03-11T06:12:12.000Z","image","5/ 具体来说是以下几种:
- 铭文: Mint的矿工费，分多个钱包藏筹码的矿工费
- 土狗/404: 分钱包gas费，土狗开局抢庄的MEV成本，空投gas或开发成本
- 上所项目: 分钱包gas费，做部分任务资金成本，源头出gas账号成本

如果没有老鼠仓，市值就只能依靠市场换手解决，庄家无法二级引导。因此这是必要成本","","https://pbs.twimg.com/media/GIXkqMzbsAACipk?format=png&name=medium","3","","1"
"2024-03-11T06:12:11.000Z","image","4/
- 社区发射项目: 需要获得关注以及解决信任成本问题，必须100%池子或空投
- 上所项目: 其一, 没有数据融不到钱，没空投就没数据。其二，上大所筹码管理严格，但推项目所涉及利益相关方筹码, 老鼠仓等都必须给到，否则赚不到钱拉不动资源

不论哪种，项目方都有筹码获得的过程，这个过程会产生成本","","https://pbs.twimg.com/media/GIXkl_1bEAAuenY?format=png&name=360x360","4","","1"
"2024-03-11T06:12:10.000Z","image","3/ 筹码获得成本 - 庄家为获得足够控制盘面的筹码而付出的成本

除了极少数绝对社区驱动项目，一般项目都需要控盘，且控盘需要90%以上的筹码。这个成本在上一轮以前是不存在的，筹码都在自己手上。然而在这一轮中情况大变：","","https://pbs.twimg.com/media/GIXkiKcasAAW5Xc?format=png&name=small","2","","1"
"2024-03-11T06:12:09.000Z","image","2/ 甚至老马一发推，推特机器人关键词一监测，立马部署合约

然后这三项只能决定起盘速度与覆盖度，决定赚不赚钱的，是做市成本和退出成本，是真正的知识产权

首先做市成本，指的是庄家为了拉高出货而产生的成本，这里面包括:
- 筹码获得成本
- 交易成本
- 诱导成本","","https://pbs.twimg.com/media/GIXke5Ca8AAFKZK?format=png&name=900x900","4","","1"
"2024-03-11T06:12:08.000Z","image","1/ 上一节盘子工业化中，我们讲到，要批量快速起盘:
信任上: 评估背书资源与需求，最小化信任成本
技术上: 采用成熟已有平台和代码
获客上: 找现成流量赛道和用户习惯的模式，把现有资源往上靠

以ETH土狗为例: 发币，建池子，起twitter，拉tg，投放到各个alpha群和kol，成熟团队只需10分钟","","https://pbs.twimg.com/media/GIXkbqpagAAbX0E?format=png&name=medium","6","1","1"
"2024-03-09T17:15:15.000Z","image","$Leather 赞助英伟达大会","","https://pbs.twimg.com/media/GIPqSHnawAAWVsS?format=jpg&name=medium","5","",""
"2024-03-09T16:41:38.000Z","text","记住，玩盘子一定要玩有老鼠仓的，尤其是低流动性市场","","","2","","2"
"2024-03-09T16:37:51.000Z","text","没有老鼠仓你敢玩？","","","1","","1"
"2024-03-09T16:14:44.000Z","text","没事，谢谢你让我发现了自己的新功能","","","","",""
"2024-03-09T16:09:55.000Z","image","今夜我们都是海宁人","","https://pbs.twimg.com/media/GIPbVdhasAACWP8?format=jpg&name=medium","8","","6"
"2024-03-09T16:05:59.000Z","image","啊？","","https://pbs.twimg.com/media/GIPab2JacAA9CWr?format=jpg&name=medium","2","","4"
"2024-03-09T15:57:28.000Z","text","内幕盘，你上车的速度取决于我在你心中土狗传播链上的优先级等级","","","1","","1"
"2024-03-09T15:51:40.000Z","image","干了兄弟们  ","","https://pbs.twimg.com/media/GIPXKIbbEAArdj5?format=jpg&name=large","24","4","19"
"2024-03-09T14:58:11.000Z","text","搞了币安地址证明的，来投一票  上币安合约","","","10","","2"
"2024-03-09T10:18:34.000Z","text","ai产生的知识能有效训练人就行了","","","4","",""
"2024-03-09T07:15:06.000Z","image","紧跟板块轮动，拒绝价投迷思","","https://pbs.twimg.com/media/GINg6y8agAA-mDO?format=png&name=360x360","43","6","7"
"2024-03-08T19:52:17.000Z","text","牛市，是因为牛肉贵导致大宗商品价格上行的结果，牛被吃光只会导致需求端上扬供不应求","","","2","",""
"2024-03-08T18:06:57.000Z","text","测试网快开始了","","","1","",""
"2024-03-08T17:26:44.000Z","text","牛市，FDV is a meme，VC说VC的，二级是二级的","","","5","","2"
"2024-03-08T16:56:07.000Z","text","绰","","","","",""
"2024-03-08T14:26:40.000Z","text","It’s been a pleasure to serve as the exit liquidity","","","1","","1"
"2024-03-08T13:41:03.000Z","text","搞点福报，都是测试网反正","","","2","","1"
"2024-03-08T11:38:57.000Z","text","看来有人mass admission失败了","","","1","","1"
"2024-03-08T11:35:44.000Z","text","6/ 如果你已经在交互熊链，那么作为一个跟熊链一样获得大VC投资的公链级盘子，Tabi你也一定要持续关注

   ","","","10","1","6"
"2024-03-08T11:35:43.000Z","image","5/ 这是一个项目-用户博弈: PUA太重? 用户用脚投票；奖励拨比太高? 项目方不挣钱

以上就是对Tabi庞氏机制现有材料的分析，官方目前还没有释放完整的庞氏机制，还有很多疑问, 比如:
- 挖矿机制是什么?
- 如何确保游戏方合理与投票玩家共享奖励
- Tabi除了gas，如何全链抽水?","","https://pbs.twimg.com/media/GIJS_bTbIAANxxp?format=jpg&name=medium","5","","2"
"2024-03-08T11:35:41.000Z","image","4/ 类似熊链,项目方为最大化veTABI TVL来最大化收益，只能提供更多奖励和持续发盘子。同时TABI也需要一个公链级互助抽水机制来持续降低拨比

与熊链给确定性BGT和手续费奖励不同，TABI通过项目方向用户提供奖励。因为游戏需要增加沉没成本拴住用户，同时也给游戏附加其他交互要求的余地","","https://pbs.twimg.com/media/GIJS--WagAEW7XP?format=jpg&name=medium","3","","1"
"2024-03-08T11:35:39.000Z","image","3/ 与熊链相比，Tabi没有以最大化流动性为目标做互助盘，而是采用分红盘。原因是其受众为游戏项目和游戏参与者。而游戏基本是分红盘，主要逻辑就是增加用户沉没成本，促使用户不断复投

因此Tabi的逻辑也围绕这一点。持币入金，提高锁仓质押率和机会成本。高收益","","https://pbs.twimg.com/media/GIJS-Zea0AAoPHf?format=png&name=900x900","4","","1"
"2024-03-08T11:35:37.000Z","image","2/ 我们从宏观的出入金和拨比来看TABI:

- 入金: 用户买$Tabi 或者买矿机
- 收益/拨比: 用户把$Tabi转成、或把矿机产出的veTabi，质押投票给游戏，获得$Tabi, 协议收入+项目方贿选奖励(不定额)。拨比 = 总$TABI产出的卖出/总$TABI+矿机买盘
- 出金: 用户或项目卖出$TABI","","https://pbs.twimg.com/media/GIJS950boAAeoE8?format=jpg&name=medium","3","","1"
"2024-03-08T11:35:35.000Z","image","1/ Tabi本体是一个分红盘，只有一个币$Tabi，但是有三种状态:
- $Tabi: gas 币
- veTabi: 通过 $Tabi锁仓转换而来，也可通过挖矿而来(节点矿机?)。不能交易，只能质押或持有并产出 $Tabi
- veTabi(已质押): 治理权,可以投票给游戏，获得Tabi协议收入和游戏给的贿赂奖励，被投票的游戏获得更高Tabi产出1/7 This is a new paradigm that can be called the "4th Industrial Revolution" in Web3 gaming.
This model is defined as
#Gaming33 = #G_G
G=Game, G=Growth

❌ Traditional: Lack of ecological mechanism, disconnect between community, game devs, and gaming chain. Lead to a lack of…","","https://pbs.twimg.com/media/GIJS9Y5aQAAL85Z?format=jpg&name=medium,https://pbs.twimg.com/media/GH_k2iGaMAAQRjA?format=jpg&name=360x360","9","1","2"
"2024-03-08T11:35:33.000Z","image","这不是散户最后一个牛市，而是技术清真派最后一个牛市。未来公链级别庞氏才是主流。Berachain以后的第二个庞氏链已经出炉 -

名义上，Tabi是一个基于Cosmos、兼容任何VM的游戏链。但是老粉都知道，游戏即盘子。游戏链 = 昭告天下一个新的矿机拆分盘的诞生

让我们看看Tabi有什么狠活儿","","https://pbs.twimg.com/media/GIJS8mrbcAAMsJW?format=jpg&name=medium","172","45","11"
"2024-03-08T09:36:19.000Z","text","有矿机盘喊上我","","","","",""
"2024-03-08T09:30:54.000Z","text","流动性有发现的过程，从低到高，但散户求的是roi，资产笑不笑到最后不重要","","","3","","1"
"2024-03-08T08:12:02.000Z","text","马了, 郡主保佑我福报","","","","","1"
"2024-03-08T05:30:58.000Z","text","ai要么是矿机盘 要么是meme币（或者说机构meme币）","","","4","","1"
"2024-03-07T22:11:57.000Z","image","Sei less?lol we meme'd sei less x.com/jayendra_jog/s…","","https://pbs.twimg.com/media/GIGbBMmbcAAsg_5?format=jpg&name=medium","8","1","5"
"2024-03-07T20:30:16.000Z","text","美国KOL内幕盘，ck, jake, bowtied squad这些同时发，就看你追的及不及时了","","","1","",""
"2024-03-07T19:10:43.000Z","text","发资产啊，光说基建故事没用的市场没有感知","","","2","",""
"2024-03-07T18:29:37.000Z","text","哈哈哈哈哈哈","","","","",""
"2024-03-07T16:58:51.000Z","text","那就是第6回顶脑门上了，平常心对待","","","","",""
"2024-03-07T14:52:42.000Z","video","Big is comingAre you ready for the next phase of Swell's evolution? 🌊","","https://pbs.twimg.com/ext_tw_video_thumb/1765746462137413632/pu/img/qftLQO9CWImopDpu.jpg","3","","2"
"2024-03-07T13:13:51.000Z","text","因为我的筹码分布不足以支撑我搞别的活儿","","","1","",""
"2024-03-07T10:44:10.000Z","text","Probably he tryna disqualify you as a women?😂","","","1","","1"
"2024-03-07T10:19:30.000Z","text","lol too woke to wake up","","","1","","1"
"2024-03-07T08:54:41.000Z","text","人生如戏，币圈如《世间情》

世間情","","","2","","1"
"2024-03-07T08:44:58.000Z","image","那我再来加点料:

运营看什么？一看注意力，二看筹码分布
前者是根本，取决于持续整活儿，后者决定活儿整多花

dev下车早，丢池子管理权，安全事故/退款补偿，骂战，本质上都是meme的一部分，每个人都是演员，庄是导演。

观众爱看，市值就能上去，这都是经验之谈

眼见不一定为实，这是计划的一部分老帖考古·传播正能量

$WIF 创始人当年给自己留了 3.625 亿枚 $WIF
然后，他在早期全部卖掉了，一个不留，一共获利 29K USD。
注意，单位是 K 😂。

现在...价值6.1亿美金。

当然，正所谓杀身成仁，如果他没卖，亦无今日之成就。

这个故事和当年 $Doge 开发者有异曲同工之妙。
和 $Pepe…  x.com/SavingsLost/st…","","https://pbs.twimg.com/media/GIDXxn4bgAA7fnr?format=jpg&name=medium","54","3","8"
"2024-03-07T07:48:30.000Z","text","恭喜祝福","","","","",""
"2024-03-06T20:29:09.000Z","text","《不要BB》","","","","",""
"2024-03-06T16:20:00.000Z","text","是的，合约问题，其他没事
但昨天当下不知道什么原因，保险起见钱包全抽","","","1","",""
"2024-03-06T16:06:25.000Z","text","lol 推特还没改","","","1","",""
"2024-03-06T16:00:46.000Z","text","Gangmen WIF pot","","","","",""
"2024-03-06T15:59:09.000Z","text","BTW, 持有流动性锅的老铁先不要着急，等项目方下一步公告，预计周日换合约，claim产生的gas fee全包。格局了","","","2","","2"
"2024-03-06T15:56:06.000Z","text","现在可以说了。昨天晚上8点多发生攻击第一时间就有群友联系我说地址里的 $WHO 被盗了，看了一下链上建议这位老哥清空钱包地址以防万一，一边联系WHO404团队留意。很快OKX就暂停了NFT交易

攻击者是专门攻击404的惯犯 …【Security Announcement】At roughly 11:20am UTC time, we detected an attempted exploit by unauthorized calling of the deployer contract to drain $WHO tokens from holders. We also received reports from community on this matter around the same time 👇","","","24","9","9"
"2024-03-06T15:41:16.000Z","image","三盘第一讲就说过，BTC需要ICO那样的拆分盘时刻。现在看来，拆分盘不止铭文，还有各家的ETF。美股是三盘理论最好的案例教学在我们眼里6w9很贵，在美股散户眼里一份只要几十刀
#BTC","","https://pbs.twimg.com/media/GH_kpvaasAAg4rM?format=jpg&name=medium","34","3","6"
"2024-03-05T13:57:09.000Z","text","救命上不来气了","","","","",""
"2024-03-05T12:30:18.000Z","text","smh - shake my head","","","1","","1"
"2024-03-05T12:28:07.000Z","text","您有多少仓位？","","","","","1"
"2024-03-05T11:08:13.000Z","text","现在clearly是meme rampage了，记住，BTC本身也是meme

你还有什么理由不追车？","","","17","1","3"
"2024-03-05T10:57:14.000Z","text","the

hat

stays

onthe

hat

stays

on x.com/0xkinnif/statu…","","","3","","1"
"2024-03-05T09:27:48.000Z","text","看了郡主的操作，深深感到对于市场时机把握上的差距😂","","","","","1"
"2024-03-05T08:37:32.000Z","text","eth是最精妙的拆分盘母盘，但是暂时过了市值周期","","","","","1"
"2024-03-05T06:34:12.000Z","text","cuuute","","","2","",""
"2024-03-05T06:33:38.000Z","text","dyor，我关注的是它引起的新逻辑","","","","",""
"2024-03-05T06:33:12.000Z","text","脑子没用建议捐给有需要的人","","","1","",""
"2024-03-05T06:32:45.000Z","text","我不知道我没有别瞎说","","","1","",""
"2024-03-05T06:32:26.000Z","text","碎片化的目的是为了获取uniswap的流动性，333是解决nft怎么形成uniswap的流动性，两者不是一个阶段","","","1","","1"
"2024-03-05T06:31:43.000Z","text","不一样，那个和404一样是图币转换，解决的不是同一个问题，333更多是发行和流动性管理方式","","","","","1"
"2024-03-05T06:30:44.000Z","text","推特群","","","","","1"
"2024-03-05T06:30:33.000Z","text","最后还是要落实到市场上，sft叙事一直没有很好的做起来","","","2","",""
"2024-03-05T06:30:02.000Z","text","可以这么理解","","","","","1"
"2024-03-05T04:45:44.000Z","text","即使是国内的团队，执行力工程能力也要强于不少西方团队。西方团队连诈骗和传销都玩不明白","","","9","","2"
"2024-03-05T03:36:08.000Z","text","救救以太","","","","","1"
"2024-03-04T16:35:31.000Z","text","注意力=流动性，没有人可以一直拥有注意力","","","2","","1"
"2024-03-04T16:33:39.000Z","text","这个可能只有审美能解释了","","","1","","2"
"2024-03-04T16:31:44.000Z","text","这就是低流动性市场的魅力，这个赛道要不是国产或者胡志明产的，谁敢玩","","","1","","2"
"2024-03-04T14:13:07.000Z","text","是催你们快起盘子","","","","",""
"2024-03-04T14:11:46.000Z","text","救救以太","","","2","","1"
"2024-03-04T14:02:46.000Z","text","你是不是买了口绿锅","","","4","","3"
"2024-03-04T13:46:24.000Z","text","当时大家都怕因为这个市场崩盘，记忆犹新","","","1","",""
"2024-03-04T13:45:58.000Z","text","不是，别瞎说😂","","","1","",""
"2024-03-04T12:42:13.000Z","text","是","","","","",""
"2024-03-04T12:09:43.000Z","text","","","","17","7","11"
"2024-03-04T11:59:47.000Z","text","毕竟core contributor","","","","","1"
"2024-03-04T11:57:51.000Z","text","一会跟     一起聊聊低流动性资产盘子","","","30","8","2"
"2024-03-04T11:47:17.000Z","text","可能是因为没有办法完全单边加流动性，其他Uni V3所是有可以的","","","","",""
"2024-03-04T11:29:52.000Z","text","Told ya","","","1","",""
"2024-03-04T11:26:01.000Z","image","昨天奶了一把自己的bag  , 结果暴力冲了25x

但我说了，重点不在于这个项目倍数如何，而在于他带来的
《图币流动性转换》逻辑，不夸张地说这又是一个新的赛道，是一种低流动性资产盘子的新思维方式

1/ 无论ERC20土狗币，NFT，ERC404, 只要链上首发，开局都是低流动性资产

2/…","","https://pbs.twimg.com/media/GH0piSCbcAATelm?format=png&name=360x360,https://pbs.twimg.com/media/GH0p1mhasAAzipL?format=png&name=small,https://pbs.twimg.com/media/GH0qAY8bsAAbECF?format=jpg&name=small,https://pbs.twimg.com/media/GH0qXWcbwAAecGq?format=png&name=small","121","41","26"
"2024-03-04T09:11:35.000Z","text","我以为我看错了，又看了一遍哦马嘞","","","1","","1"
"2024-03-04T07:29:37.000Z","text","🫡好分析","","","1","","2"
"2024-03-04T06:13:31.000Z","text","我想看你的实盘空单兄弟","","","4","","2"
"2024-03-04T06:08:57.000Z","text","庞氏=价值","","","4","","1"
"2024-03-04T06:07:21.000Z","image","无法带货的vc都会死我之前时常讲，

Crypto VC可能在这一轮消亡，带不了货的都得死

然而我自己却在"起盘子讲师"的道路上越走越远。眼瞅着听我话起盘的土狗都已经在某L1生态上占据龙一龙二了，我却还没入门《怎样在推特直播带货》

Token铭文NFT盘子文体不限，有没有擅长二级CX的大佬传授一下心得? 在线等，挺急的","","https://pbs.twimg.com/media/GBitWM9aoAA6Kna?format=png&name=small","","","1"
"2024-03-04T06:05:11.000Z","text","持续发盘子，盘子工业化","","","2","",""
"2024-03-04T06:02:37.000Z","text","gmeow","","","5","","1"
"2024-03-04T01:37:42.000Z","text","图币流动性转换协议，这属于新的赛道概念了","","","3","",""
"2024-03-03T17:54:24.000Z","text","不用过几个月，你现在就可以做T","","","","",""
"2024-03-03T16:58:28.000Z","text","😂再看看，让子弹飞一会","","","1","",""
"2024-03-03T14:31:10.000Z","text","上车啊","","","","",""
"2024-03-03T14:14:28.000Z","text"," 哥，你跟我说个实话，还能飞多久👀","","","2","",""
"2024-03-03T13:51:02.000Z","text","祝你好运哈哈","","","","",""
"2024-03-03T13:49:41.000Z","text","所以拿回来了吗","","","","","1"
"2024-03-03T13:41:19.000Z","text","我这个岁数再称boy有点不要碧莲了，还是叫“师傅”吧，不分男女岁数","","","1","","1"
"2024-03-03T13:34:57.000Z","text","不要捧杀谢谢😅","","","","",""
"2024-03-03T13:22:27.000Z","text","Tagging gigachads:





















","","","9","1","2"
"2024-03-03T13:22:26.000Z","text","17/ 在下一节，也就是三盘理论核心讲的最后一节中，我们将讲到crypto资金盘的核心，做市成本和退出成本。三盘理论是不断进化的跨学科经验主义观察，未来也会不断更新

希望各位听众能够学rug，会rug，敢rug，成为新一代的盘子王","","","15","1","3"
"2024-03-03T13:22:25.000Z","image","16/ 可能有人说这不去中心化不透明。这就是没有搞清楚盘子和基建的区别。基建才需要去中心化和透明因为他们需要服务于盘子，盘子最优先要求是控制力(不出包), 因此基建必须透明无需可盘子才会用(怕黑吃黑)

从地推招待，到地址空投，二池挖矿，中心化积分，crypto获客成本不断降低，这是不可逆刚需","","https://pbs.twimg.com/media/GHv7doTbUAA3Z1a?format=png&name=small","2","","1"
"2024-03-03T13:22:23.000Z","image","15/ 对于公链来说工业化就是
1. 将触发用户这件事变得连贯，不需要事件营销那样一事一激励(积分只影响奖池分配)
2. 用同一个流量体系快速冷启动拆分子盘。比如奥德赛或者Linea的积分体系，不论什么项目，都是用同一个活动体系，无需单独策划单独找渠道，大大降低了推广的运维成本和渠道成本","","https://pbs.twimg.com/media/GHv7dIebEAAvzgz?format=png&name=small","","","1"
"2024-03-03T13:22:21.000Z","image","14/ 此时成本中，由于公链大多高融资，与渠道方信用成本相对低，最大规模的成本就变成了激活成本。

与渠道成本和运维成本不同，除非激活方式选择直接发钱，否则渠道成本是可控的。项目方的目标是花最少的钱做最长时间的触发。因此积分制是一种必然的选择，因为不用承诺且可操作，充分利用预期","","https://pbs.twimg.com/media/GHv7cnragAAOAA3?format=png&name=900x900","2","","1"
"2024-03-03T13:22:19.000Z","image","13/ 比如公链(通常为分红+拆分), 其周期很长，从融资到上所的一个完整生命周期，可能要半年一年，这时候时效性就不太重要。

而且公链盘前期受众其实是VC，后期才搞定上所赚二级。这时候的推广成本变成了”为搞定单个VC/上币而做的数据的成本"。这个数据往往是TVL, 地址数，周活跃","","https://pbs.twimg.com/media/GHv7cAMbEAA_ywz?format=jpg&name=medium","1","","1"
"2024-03-03T13:22:17.000Z","image","12/ 比如土狗，本质上实际就是围绕发射或者初期市值做的事件营销，主打2-3天时效性。土狗发射有直接受众，一旦运营路径程序化即可复用。因此土狗的成本本质上只有渠道成本

土狗工业化本质是渠道成本的摊薄，绑定有影响力的传播路径，通过带他们反复上分降低沟通信任成本

其他盘子则不同","","https://pbs.twimg.com/media/GHv7bZwaIAAZW3G?format=jpg&name=medium","2","","1"
"2024-03-03T13:22:14.000Z","image","11/网推成本构成:
- 渠道成本: KOL费用, 团队长额外拨出, 投放费用等
- 激活成本: 激活与维持受众导致的成本，如空投、白名单(做市成本)等
- 运维成本: 做网推所需的内部团队人工和时长机会成本

与传统地推偏销售模式不同，网推其实是事件营销。什么时候流量最大？发射和搞活动的时候","","https://pbs.twimg.com/media/GHv7azVasAABoYP?format=png&name=900x900","2","","1"
"2024-03-03T13:22:12.000Z","image","10/ 获客成本: 盘子获取单位入金的流量成本

获客成本本质上是受众论问题，有什么受众就做什么盘子，就有什么样的信任成本，简洁决定推广方式和相应的获客成本

刚才说了，对于传统地推盘来说，基本就是运营中心+接待成本摊平到每个入金用户头上，因此网推是大势所趋","","https://pbs.twimg.com/media/GHv7aSWaYAAV1jv?format=jpg&name=medium","","","1"
"2024-03-03T13:22:10.000Z","image","10/ 在各个版本的404或者WHO的ERC333理论上来讲微调就能改出各种不同的DeFi。其中涉及到有一个工具，就是  的Tokenscript/EIP5169，可以实现把各种复杂逻辑塞进一个token，从而简化盘子的生产调试

功能最小化，安全压力最小化，从FT到铭文到404，是低流动性标的盘子趋势, 屎上雕花=集约化4/ 看项目什么最重要？IMO，ponzi>叙事>mm>运营>技术

@WHO_ERC404 运营节奏很顺 1️⃣缝合叙事404+5169+OHM 2️⃣meme运营，一个leave address就吸引了早期一堆degen去互动，在tg里也喊出iq<50的口号 3️⃣技术点睛，直接丢出github玩geek最喜欢的code is law。总结：很旁

没开premium🥲，所以细节还请见下图","","https://pbs.twimg.com/media/GHbvKCGaAAAlPET?format=jpg&name=4096x4096","7","2","1"
"2024-03-03T13:22:09.000Z","text","9/ 比如  或者Blast上的  都将”国库“”协议拥有流动性“逻辑做进一个token，但WHO利用404特性用NFT卖国债开局通过税收往Uniswap注入流动性冷启动，代替本来一个DAPP才能做的事，省出了一整个前端

搞过盘子的都知道，工程量大半都在前端，合约反而相对省事。少就是多，少就是安全1/ My Analysis on @WHO_ERC404 :

Not a pro at solidity but here's my humble attempt to read and digest the contract from WHO ERC404.

Github: https://github.com/Who-ERC333/project-who404…","","","6","","1"
"2024-03-03T13:22:08.000Z","image","8/ 没有比Uni更有流动性的了。把DAPP拆了，用Uniswap, 把功能做进token，搞定。

就算万一Pandora不成功，换个名字发个别的。代币标准的可复用性要比一整个应用高得多，成本摊薄下来更低

按照这个“功能在token上"的逻辑，许多DeFi边缘协议尤其是流动性类协议也没有存在的必要大胆点，土狗、铭文、404都指向一种范式转移：

function on token (FOT) 功能收敛至Token

Safemoon: tax on token
铭文/404: liquidity management on token (一个手动一个自动)

既然能用一个token实现一个功能，为啥要造个协议来解决问题?

危机不仅是NFTFi，而是所有“协议”

如无必要，勿增实体","","https://pbs.twimg.com/media/GFwIBUeakAAs3iz?format=png&name=900x900","3","","2"
"2024-03-03T13:22:07.000Z","text","7/ 那如何精简产品？

遵循“离钱最近”原则 - 用户出入金直接相关的是必要部分，其他都是节外生枝，如果运营有需要，能借用外部就借用，不到万不得已不做

以Pandora和404为例，上个周期DeFi的搞法是要写一整个NFT碎片化协议DAPP，甚至自己做一个dex。

用户没人在乎碎片化做多好，在乎的是流动性","","","2","","1"
"2024-03-03T13:22:06.000Z","image","6/ 开发成本: 做一个盘子的综合制作、迭代以及安全成本

产品越复杂非标，成本越高。这种情况必须融资或与生态媾和。通常盘主应尽可能减少产品复杂度最小化成本

同时还有机会成本 - 市场变化速度快，上个月甚至上周火的东西，下个月已经无人提及了。因此开发周期必须尽可能缩短","","https://pbs.twimg.com/media/GHv7ZCTa8AAEHhR?format=png&name=360x360","1","","1"
"2024-03-03T13:22:05.000Z","image","5/ 传统人际信用背书在受众买账权威的情况下是有用的，但成本极高。地推盘要租办公室、包机酒、补贴领导人运营中心，钱还没进成本几百万没了

从长期来看，向已有大背书的生态方借信用是更好的方案。生态方需要买盘和流量，不论是否下沉。盘圈与头部交易所/生态的合流是必然，社区长比普通VC离币安更近","","https://pbs.twimg.com/media/GHv7YljbEAARCnp?format=png&name=small","5","","1"
"2024-03-03T13:22:03.000Z","image","4/ 举例说明: 矿币往往都是大背书，北美顶级机构排排坐，不信去看KAS、HNT和SMH。根本原因矿机是一次性不可逆投入，要算回本周期，信任成本高

买新L1上生态币(拆分盘)的时候，还是要看看这个公链有谁投资，有没有钱，或者有没有好的社区也行

而大家可以不问背书，看看合约就直接冲DeFi二池和土狗","","https://pbs.twimg.com/media/GHv7YBCa4AA47m3?format=jpg&name=medium","5","","1"
"2024-03-03T07:07:36.000Z","text","不说了我去腾讯会议讲课了","","","3","","1"
"2024-03-03T07:03:25.000Z","text","Narrative overloaded","","","1","",""
"2024-03-03T06:50:59.000Z","text","搞了半天核心還是要地推","","","","","1"
"2024-03-03T05:49:47.000Z","text","老父亲很欣慰","","","","","1"
"2024-03-03T05:46:39.000Z","image","一般是上比目前流动性高一个数量级的交易所的时候，就是关键点位14/ 以美国移动 $mobile 为例，其Helium矿机必须通过购买获得(尽管有多个矿机商), 且据信其Miami主要基站由自身掌握，因此合理估计其至少掌握50%以上Mobile产量，第一年50B产量为预挖，则截止23年8月，其实际流通仅为30B左右，依照当时价格0.00026计算，该流通量仅价值78万U","","https://pbs.twimg.com/media/GCPzY0iagAA6dUK?format=png&name=medium","1","",""
"2024-03-03T05:41:08.000Z","text","xt","","","","","1"
"2024-03-03T04:02:34.000Z","image","走近科学，相信盘学 #smh我对矿机分红盘的爱 $smh

相信三盘模型，相信流动性扩张关键点位","","https://pbs.twimg.com/media/GHt7UWXbEAAa9xv?format=jpg&name=medium,https://pbs.twimg.com/media/GGtxexIbIAEWWtR?format=jpg&name=360x360","8","","6"
"2024-03-02T10:37:28.000Z","text","兄弟面相就是沉稳之人","","","2","","1"
"2024-03-02T08:26:48.000Z","text","不要自杀，去杀死敌人","","","1","",""
"2024-03-02T08:05:29.000Z","text","轩总富裕了","","","1","","1"
"2024-03-01T15:52:39.000Z","text","有这个钱直接投他们的反政府武装，博科圣地或者现政府政敌，花不了这么多都","","","5","",""
"2024-03-01T13:47:06.000Z","text","大妈为什么不可以直播卖矿机，格局打开","","","2","",""
"2024-03-01T13:28:44.000Z","text","你对低流动性标的一无所知","","","1","","1"
"2024-03-01T07:39:36.000Z","text","这还真不是深圳","","","","","1"
"2024-03-01T06:04:25.000Z","text"," gud project, 最能体现Blast特性的拆分互助盘他们本来挑了 14 个 Blast 生态项目，但是我强烈建议再增加一个（14 多不好听呀）🙈。不信你点开看看🧐。

增加的那一个是 @sax_trade  😋

I bet on SAX Trade。因为我觉得这玩意挺刺激的，你想想，就像大家能一起来冲来交易来赌微博热搜一样，爽吧，这算是 meme 文化的全新玩法吧。 x.com/Foresight_News…","","","5","1","4"
"2024-03-01T05:09:36.000Z","text","大中华在福田","","","","",""
"2024-03-01T05:09:18.000Z","text","我介绍你几个，不知道钢丝球你遭不遭的住tho","","","2","","1"
"2024-03-01T05:08:50.000Z","text","维权AO 理解AO 成为AO","","","","",""
"2024-03-01T04:50:46.000Z","text","我几个月前就问，大家这么fomo去存blast，FT发空投了吗","","","11","","1"
"2024-03-01T04:49:57.000Z","text","深圳挣钱深圳花，一分别想带回家","","","","","1"
"2024-03-01T04:44:13.000Z","image","Blast现状充分说明了:

全球币圈看深圳
丹佛只是过家家
硅谷套牢还嘴硬
真庄得看大中华(福田）","","https://pbs.twimg.com/media/GHjxqYYa0AAFtcc?format=png&name=900x900","69","4","26"
"2024-03-01T04:16:42.000Z","text","😂","","","","",""
"2024-03-01T04:00:06.000Z","text","这是啥","","","","","1"
"2024-02-29T13:15:00.000Z","text","你以为的是blast
实际上是creampie","","","1","",""
"2024-02-29T09:56:53.000Z","text","绝大多数不是meme币的ai币本质都是矿机盘","","","1","","2"
"2024-02-29T09:50:01.000Z","text","All in 矿机盘","","","5","","2"
"2024-02-29T06:11:38.000Z","text","币圈属于新兴crossover学科。传统技术或者经济理论框架是不够用的","","","6","","1"
"2024-02-28T18:57:57.000Z","text","好的盘子是要有池子有铲子，池子里的还想买铲子","","","4","","1"
"2024-02-28T18:04:37.000Z","text","1","","","","",""
"2024-02-28T09:18:44.000Z","text","兄弟好像不太信你","","","","",""
"2024-02-28T07:59:52.000Z","text","以前是过于理想化，真想着去围绕eth搭建叙事

后来累死累活发现毛都没赚到，心想凭啥？

“去tm的，老子也要发盘子”","","","","",""
"2024-02-28T07:30:00.000Z","text","实际拨出比=实际出金/总入金（包括通胀，空投，分红等）","","","2","","2"
"2024-02-28T07:28:48.000Z","image","8/ 比如我们常听的"扩容""可组合性"意思是允许以太坊同时发起和运营新盘的数量不断扩张、单位成本不断下降。DeFi, POW转POS本质上也都是同一个目标

站在以太官方角度，L2的本意是在不改变ETH本位前提下，进行提速扩容，从而扩张其经济边界，实现ETH通缩

然而熊市中L2反而加剧流动性割裂，破圈寥寥","","https://pbs.twimg.com/media/F-DjW7oWEAAaBZE?format=jpg&name=medium","2","",""
"2024-02-28T07:24:16.000Z","text","并不是这样，拆分盘需要共庄，也就是
1. 要么同一个庄
2. 要么共用一个拨比系统

所以L2里只有Blast勉强有点eth拆分盘的意思，其他事实上都是借eth来降低背书成本的竞争盘，抢eth生意的。我之前highlight里关于L2的分析有写","","","4","","3"
"2024-02-28T06:42:53.000Z","text","Throw this shit to my face","","","","",""
"2024-02-28T06:19:20.000Z","text","不是L1天花板，而是ETH本身","","","3","",""
"2024-02-28T06:18:57.000Z","text","我这几天会陆续说，还是很多很有意思的","","","1","","1"
"2024-02-28T06:15:36.000Z","image","剩的500u底仓突然爆拉了

说明正统性都是骗骗野人头，利益才是真的

ETH L2是邪路，无限L1起盘才是正道","","https://pbs.twimg.com/media/GHZzaBGbsAAT_3s?format=jpg&name=medium","26","1","12"
"2024-02-28T06:12:41.000Z","text","只能说是 next billion dollar mass adoption，而不是ppl","","","5","","1"
"2024-02-28T05:41:49.000Z","text","大胆一点，直接上牛子链","","","1","","1"
"2024-02-27T16:40:39.000Z","text","😂不至于不至于","","","","",""
"2024-02-27T15:48:12.000Z","text","我好像说过了","","","","",""
"2024-02-27T12:23:07.000Z","image","跨周期套牢盘群像：
上上轮：公链
上轮：元宇宙
这轮：AI

符合这个特征的超过1年以上的项目，撸之前先查查历史通稿，看看他们管自己叫啥

历史果然没有演进，只有循环","","https://pbs.twimg.com/media/GHV973Ja8AAvF79?format=jpg&name=small","25","4","12"
"2024-02-27T12:14:22.000Z","text","之前搞了4000万跑路到迪拜去了","","","","",""
"2024-02-27T10:57:30.000Z","text","mass adoption is a myth","","","3","",""
"2024-02-27T07:07:19.000Z","text","上车吧","","","","","1"
"2024-02-26T17:47:12.000Z","text","運兵車馬上到","","","1","",""
"2024-02-26T17:17:08.000Z","text","不太认可mass adoption这种叙事，but模块化是历史的选择，一切有利于搭盘子的基建，都代表crypto最先进的生产力发展方向","","","9","",""
"2024-02-26T09:24:32.000Z","image","你的界面抽风了","","https://pbs.twimg.com/media/GHQLeQ-bUAA-QVM?format=jpg&name=medium","1","","1"
"2024-02-26T05:59:18.000Z","text","你检测一下你的蓝v状态，我好像看不到你的蓝钩子了","","","","","1"
"2024-02-25T13:10:11.000Z","text","Seriously no one cares

Bitcoin Magazine只是时间长，并不具备L2Beat在以太的喉舌作用。

即使作为媒体，也很弱势，做盘子的采购宣发的时候都知道。这么多年届宣发广告价格上不去不是没有原因的","","","8","",""
"2024-02-25T10:05:54.000Z","text","我都是在我群里放现有老鼠仓机会123，上车抠1","","","5","","19"
"2024-02-24T15:59:33.000Z","text","老爷保号","","","1","",""
"2024-02-24T07:33:27.000Z","text","我给你介绍个大夫吧","","","2","","1"
"2024-02-24T06:31:08.000Z","text","只要是你主动参与的就不能算骗局","","","3","",""
"2024-02-24T03:35:25.000Z","text","A visual representation of Ponzi","","","1","",""
"2024-02-24T03:22:23.000Z","image","这两个赌的逻辑有本质的区别1/ Crypto受众是全世界最会学习、赌性最强的人群。他们的好赌不同于经典”赌场赌徒“，因为他们
- 不需要固定赔率
- 相信信息差优势而非长期训练的技能(出千)或大数定律

因此他们不喜欢螺蛳壳里做道场，反复研究如何打败21点庄家那0.5%的house edge; 而是寻找新标的中隐藏的alpha，并在市场了解前退出","","https://pbs.twimg.com/media/F4g3-zPaEAA_V51?format=jpg&name=medium","1","",""
"2024-02-24T01:19:06.000Z","text","是的，同样也是ponzi，因为它的来源是靠不断的创造新ponzi支撑起来的","","","1","","2"
"2024-02-23T22:01:44.000Z","image","$uni 浓眉大眼的也背叛meme币搞“价值捕获”去了

记住，所谓的价值捕获，其实就是互助+拆分盘路线，批发低流动性+抽水最大化国库拉盘的“飞轮”

如果市场认可只有“价值捕获”币价才应该涨，那么整个crypto行业都事实上已经进入大旁氏时代

如果你不懂旁氏，你将在市场中被淘汰","","https://pbs.twimg.com/media/GHDcAyGaMAAQWnM?format=jpg&name=900x900","31","5","6"
"2024-02-23T18:05:54.000Z","text","ohm","","","2","","3"
"2024-02-23T13:55:18.000Z","text","Europe has failed to even just stay as a world leading power but spineless leftist shithole. No one is listening","","","2","",""
"2024-02-22T20:31:28.000Z","text","OG不否认，但上一次别人跟我这么说是在黑山，后来发生的事情大家都知道了。

哪有什么终局之战，crypto只与资本有关，而money never sleeps重磅！咕噜对以太坊的终局解读！https://forum.degate.com/t/topic/71","","","16","","6"
"2024-02-22T17:10:17.000Z","text","要什么reputation system，要什么socialfi，points发钱fi不比什么都实际？","","","2","1",""
"2024-02-22T17:09:31.000Z","text","让人人都有能力发盘子","","","3","","1"
"2024-02-22T14:34:46.000Z","text","还在吗？我刚喝完","","","","",""
"2024-02-22T12:31:03.000Z","text","行","","","4","","1"
"2024-02-22T11:26:57.000Z","text","已举报教导处","","","1","",""
"2024-02-22T09:45:24.000Z","text","有没有可能稀有度就是个meme？404不适合这种类型的项目","","","1","","1"
"2024-02-22T09:33:35.000Z","image","Here we goPre-Seed Closed ✅

Habby and proud to announce that our pre-seed round has officially closed, led by @ACCapital1 and @DextForce

Dank u all for the unwavering support so far on dis journey 🫶 🐻⛓️","","https://pbs.twimg.com/media/GG4e_RuX0AAsvha?format=jpg&name=medium","14","1","9"
"2024-02-22T08:30:39.000Z","text","那不玩盘子中国的普通人能玩什么呢？其他路径都被封死了，银行里的钱都可以不是自己的。这样的状态本身就是当权者设计出来的

每十个人中只有一个人有枪的时候，应该想的不是怎么禁枪，而是如何让剩下的9个人都武装起来","","","10","1","6"
"2024-02-21T11:34:32.000Z","text","情况不太一样，bsc这种是自己占坑别人没路，berachain是自己占坑但是通过互助盘分矿分润让别人帮他做tvl。这更像广东链，或者eigenlayer","","","1","","2"
"2024-02-21T09:14:38.000Z","text","Are ‘shilling elegantly’ and ‘analysing  everything as a ponzi’ considered as value adding?","","","5","","3"
"2024-02-21T06:21:10.000Z","text","慧根","","","","","3"
"2024-02-21T06:12:45.000Z","text","如毛","","","","","2"
"2024-02-21T01:46:27.000Z","text","Tagging chads:





























","","","17","1","2"
"2024-02-21T01:46:26.000Z","image","16/ Berachain的里程碑意义: 整个链都围绕着一个盘子在做，这个逻辑跟Luna很像。但Luna问题在于，只做了一个单独的算稳互助和一个存币生息分红，后找生态来消泡沫。

Berachain机制上来就捆绑一堆项目方帮他发盘子，而且像驴栓萝卜一样必须持续发，不发没TVL就没奖励

对公链，这是核心问题，大道至简","","https://pbs.twimg.com/media/GG0yrLrbUAA2Q0w?format=jpg&name=medium","13","3","8"
"2024-02-21T01:46:23.000Z","text","15/ 当然这里有一个我没想明白的问题: Berachain这种什么都做了的结构，以及用TVL做贿选的逻辑，意味着项目方/验证节点很难有动力去做交易量挂帅的项目。类似CLMM这类交易量与TVL不成正比的高资金效率项目可能未必吃香","","","1","","3"
"2024-02-21T01:46:22.000Z","image","14/ 因此这个逻辑和以太坊的restaking是一样的，为了获得TVL优势，验证节点需要有能力多发盘子，从而提高节点的APY吸引LP以赢得BGT贿选，进而更容易给新盘子拉盘，以盘养盘正循环

Berachain用验证节点绑定项目方帮他做拆分盘。以太坊只有一个Eigenlayer，Bera有多少节点就有多少eigen下面就有多少盘子6/ 这里就藏着一个“左脚踩右脚”的飞轮: 在牛初释放更多“基础设施”分红盘到Restaking的客户端，提高Restaking的APY，促使大量的$ETH被锁定，从而更容易拉升ETH，更低成本让整个以太板块形成正向飞轮 —— 锁ETH，拉飞ETH，大量发项目需求Restaking质押，Restaking APY预取上升，更多锁定","","https://pbs.twimg.com/media/GEWt4gcbIAAkTD9?format=png&name=small","1","1","5"
"2024-02-21T01:46:14.000Z","image","9/ Berachain所不同的是，这个"二池挖矿"挖出来的$BGT不能直接交易，但可以质押给验证节点换生态收入和LP池额外排放(验证节点贿选)，或者一次性兑换成$BERA卖掉。

这里面就存在一个博弈关系，即是否" 累计$BGT去质押以换取的总收入> 直接BGT兑换$BERA出售的获利"。答案是则hold $BGT, 反之则挖卖提","","https://pbs.twimg.com/media/GG0yoQGb0AABXS1?format=jpg&name=medium","3","","2"
"2024-02-21T01:46:12.000Z","text","8/ 看完"入出拨"模型, 我们从互助盘和分红盘的视角来看Berachain

从互助盘来看，Berachain非常近似DeFi summer的"二池挖矿", 即"token+以太组LP入金 - 根据LP占总池大小获得增发token - 卖token获利"。站在DEX项目方角度，它获得了手续费和一个可以砸盘接货的大LP池11/资产发行，本质上是给新资产定价并找到流动性。ICO时代,币卖了以后钱都到庄手里，形成中心化资金池易跑路。通过AMM来分发，可以有效解决这个问题：钱在去中心化池子里，币也在池子里。

这就是流动性挖矿AMM公平发射，相当于LP拿钱从池子买了币然后做了个融资租赁，把币和钱租给池子收币本位的利息","","","1","","5"
"2024-02-21T01:46:11.000Z","image","7/ 拨出: 由于出金的来源中，质押到验证节点所获得的$BERA和$HONEY来源于生态收入返利，因此真正的拨出(增大实际抛压部分)只有""被兑换成$BERA的$BGT增发部分""

那(月度)拨比计算为: 每月被兑换出的$BERA总金额/当月留存LP的总$BERA池TVL

当兑换$BERA总金额超过月新增留存总BERA池TVL+买盘，则事实崩盘","","https://pbs.twimg.com/media/GG0ynidbYAAbkL9?format=png&name=small","3","","4"
"2024-02-21T01:46:09.000Z","text","6/ 出金: $BGT(不可转让,可1:1单向兑成$BERA) $BERA(主币) $HONEY(算稳)
来源是$BGT的通胀，以及L1 gas收入和DeFi收入(以$BERA和$HONEY计算)

也就是说，通过添加LP和借贷入金后，产出的$BGT可直接兑换$BERA后出售，或者将$BGT质押到验证节点，获得$BERA和$HONEY计算的生态收入","","","2","","3"
"2024-02-21T01:46:08.000Z","image","5/ 为看清像Berachain的宏观模型，我们用”入金、出金、拨比“模板。站在用户角度，

首先:
入金: 通过向的官方defi套件提供流动性:
-DEX里加LP
-借贷里借Honey稳定币
-PERP里放Honey LP

每个入金(池子)的奖励比例由验证节点投票决定，质押到验证节点的BGT越多投票权越大，获得奖励可能性越高(贿选机制)","","https://pbs.twimg.com/media/GG0ym3SbsAAkfT0?format=png&name=small","5","","4"
"2024-02-21T01:46:06.000Z","image","4/ Berachain是一个有大额融资的匿名团队，从崩盘模型看，他无法硬割；匿名团队决定了他需要从社区共识入手，在低信任低共谋的情况下起盘。L1公链的身份决定了它必须要做大资产沉淀。

基于三盘，Berachain唯一的选择是带有分红盘特性的互助盘

让我们看看它是怎么做的","","https://pbs.twimg.com/media/GG0ymK1aMAA9rNE?format=jpg&name=medium","2","","3"
"2024-02-21T01:46:03.000Z","image","3/ - 本币单向产出，且与生态活跃度无关甚至相悖。

最典型的例子莫过ETH的staking，以"安全"之名做资产沉淀。安全需要质押比例高，而生态活跃则需要新标的，新标的需要流动性。因此，ETH不得不在流动性 - 锁仓率之间反复横跳，这才有了LSD和Restaking左右互搏，相信很快就会出现Liquidity Restaking","","https://pbs.twimg.com/media/GG0yljEaMAAF1gj?format=png&name=small","2","","3"
"2024-02-21T01:46:00.000Z","image","2/ 一般而言，公链因为需要大量资产沉淀(沉没成本), 一般起手就纯分红盘，不论BTC的POW，还是ETH/SOL的POS，都不例外。矿机分红盘最大问题在于:
- 前期沉没成本巨大(大额买币或买矿机), 需要高昂的信任成本，因此不得不高背书，大VC-交易所-矿池资金参与共谋联合坐庄。代价就是社区根基差(见各种新L1)","","https://pbs.twimg.com/media/GG0ylCSa4AARKio?format=png&name=small","4","","3"
"2024-02-21T01:45:58.000Z","image","1/ 本文为【新的一年，新的Ponzi】Space关于Bera的总结。

要理解Berachain庞氏，首先需要理解Bera的三token模型， 老师的推文有非常详细的述

如果你仍然认为有一些复杂，那么我将基于三盘理论站在用户侧解释：熊链🐻⛓️代币设计及生态不完全指南：
1. 🐻⛓️三代币模型
Berachain 的三代币分别是 BGT（治理代币）、BERA（Gas Token）和 HONEY（稳定币）。

BGT：治理代币，不可转让，只能通过在 BEX 提供部分资产的 LP 获得。

BERA：Gas Token，由 BGT 1:1 单向燃烧得到或者验证奖励。…","","https://pbs.twimg.com/media/GF_huN3b0AAHyyC?format=jpg&name=medium,https://pbs.twimg.com/media/GF_h2vtaQAAAFSh?format=jpg&name=small,https://pbs.twimg.com/media/GF_h7EWakAAOf6n?format=jpg&name=small","8","4","1"
"2024-02-21T01:45:57.000Z","image","【Open Rug开源镰刀 #6】以往市场周期中，我们看到的新公链，往往都是抓着一个概念卖，先造鬼城，再毫无针对性的给grant，“别人有的都得有”，做一张满满登登的生态图交差，像极了北印度内陆大基建

而这个周期里，情况变得不一样了，我们看到了“集中力量办大盘”的庞氏公链

这里我们潜入 🧵","","https://pbs.twimg.com/media/GG0yj4na0AAjOvT?format=jpg&name=medium","123","45","17"
"2024-02-20T19:24:03.000Z","text","慧根","","","5","","2"
"2024-02-20T14:20:11.000Z","text","Respect that. Let’s see how it goes when this circle concludes","","","1","","3"
"2024-02-20T14:07:52.000Z","text","thats the tax on Web2 dummy until they be willing to transcend to crypto native jedis","","","","","2"
"2024-02-20T12:59:09.000Z","text","The world is a gigantic ponzi where artificial beauty lies","","","2","","2"
"2024-02-20T12:39:53.000Z","text","这有点扯了，去看看西方机构的持仓链上数据吧，一个个跑的都贼快

再者把西方一些VC市场感知力差持仓被割当成一种优点，本身就是斯德哥尔摩。跨周期套牢盘越来越多需要不断编新故事来解套，东方居然还觉得挺有道理？

为什么每个周期东方都在为垃圾叙事制造机买单？媒体误导功不可没","","","10","3","3"
"2024-02-20T08:58:53.000Z","text","没有就对了","","","","","3"
"2024-02-19T17:06:41.000Z","text","😂","","","","",""
"2024-02-19T17:06:15.000Z","text","16/ 记住，做市商更多是对当下筹码结构做出反馈，而非基于整个矿币模型基于生命周期做定价

如Mobile这样的矿币模型同样适用于盘龄1-2年左右的早期矿币，代表有 $KAS, $HONEY, $SMH。Depin或者POST这些都只是fugazi，本质上都是矿币的别名

当然，何止有矿机的才叫矿，只要有矿机 - 矿工结构，都算","","","1","","2"
"2024-02-19T17:03:54.000Z","image","我对矿机分红盘的爱 $smh

相信三盘模型，相信流动性扩张关键点位","","https://pbs.twimg.com/media/GGtxexIbIAEWWtR?format=jpg&name=medium","35","2","12"
"2024-02-19T16:58:01.000Z","text","《广义矿机盘》敲黑板。这两个“赛道”只是它的两个皮肤而已","","","1","",""
"2024-02-19T15:32:00.000Z","text","西方世界的购买力完全是高估的，最终都是指望亚洲区接盘，或者说白了，流动性都是币安和ok给的，你ordi sats上了bn，照样一堆西方野庄在追

恰恰是东方盘从东方起盘到东方接盘，其中损耗最小，赚钱效应机会对散户最大","","","25","3","5"
"2024-02-19T09:29:55.000Z","text","绝了","","","1","",""
"2024-02-19T05:40:08.000Z","text","入场要有秩序，哪个盘子上来一窝蜂的都长不了","","","1","","1"
"2024-02-18T20:46:46.000Z","text","Stark之后工作室策略转变使然，花那么多钱买个零蛋不如之前海量发土狗还多点dev空投可能","","","3","","2"
"2024-02-18T07:37:02.000Z","text","🉑","","","","","2"
"2024-02-18T05:03:38.000Z","text","这种大概率是移民过来的国内盘主搞的，小心点","","","2","","3"
"2024-02-18T04:31:16.000Z","text","哥你老实告诉弟弟，这项目能赚钱吗","","","","","3"
"2024-02-18T03:59:48.000Z","text","一个敢来，一个敢接","","","","","1"
"2024-02-18T03:50:04.000Z","text","ron打法参见当年的花火","","","","","5"
"2024-02-17T17:35:53.000Z","text","dm","","","","",""
"2024-02-17T15:58:40.000Z","text","🉑啊","","","1","",""
"2024-02-17T15:27:35.000Z","text","我是行业的瓦房店","","","","","1"
"2024-02-17T14:06:27.000Z","text","对啊","","","","","1"
"2024-02-17T10:47:46.000Z","text","🗿🗿🗿","","","1","",""
"2024-02-17T10:47:09.000Z","text","行啊，搏杀输了才被杀","","","","",""
"2024-02-17T10:45:12.000Z","text","哥，别逗我😂","","","1","","1"
"2024-02-17T10:32:58.000Z","text","都说性别不限了","","","","",""
"2024-02-17T10:32:44.000Z","text","dm","","","","","1"
"2024-02-17T10:18:49.000Z","text","😂","","","","",""
"2024-02-17T09:40:57.000Z","text","专业对口","","","","","1"
"2024-02-17T09:38:18.000Z","text","画个葱油的我尝尝先，加个蛋","","","","","2"
"2024-02-17T09:24:34.000Z","text","🫡","","","","",""
"2024-02-17T09:24:25.000Z","text","😂😂😂来！","","","","",""
"2024-02-17T09:19:35.000Z","text","dm","","","","",""
"2024-02-17T09:19:24.000Z","text","卧槽，哥，bio吓人","","","","",""
"2024-02-17T09:15:09.000Z","text","给给给","","","","",""
"2024-02-17T08:51:40.000Z","text","dm哈","","","1","","1"
"2024-02-17T08:51:28.000Z","text","别说烤瓷了，你就是淄博学过烧烤都可以","","","1","","3"
"2024-02-17T08:46:47.000Z","text","别闹哥","","","","",""
"2024-02-17T08:14:11.000Z","text","不搞虚的","","","","",""
"2024-02-17T07:53:45.000Z","text","dm","","","","",""
"2024-02-17T07:29:15.000Z","text","😂你还intern啥","","","","","1"
"2024-02-17T06:58:14.000Z","text","可以，dm","","","1","",""
"2024-02-17T06:54:15.000Z","text","哥，别搞我，我得跟你学习冲土狗","","","","","2"
"2024-02-17T06:44:26.000Z","text","DM一下","","","1","",""
"2024-02-17T06:44:15.000Z","text","有意者DM或留言","","","","","2"
"2024-02-17T06:40:52.000Z","image","招Intern若干名, 要求:

- 性别年龄不限

- 有自驱力，较强的讲故事能力

- 中英文口语写作工作水平，有雅思托福优先

- 有链上搏杀经验，技术背景优先

工作内容:
- 影响力输出
- 媾和传播路径

待遇：
画大饼为主，包括但不限于:
- 老鼠仓
- 出师后开盘送盘型搭建和市值管理套餐
- 免费Run学指导","","https://pbs.twimg.com/media/GGhPVi-bgAA-MO0?format=jpg&name=medium","58","2","75"
"2024-02-17T06:08:54.000Z","text","很像teleportdao啊","","","2","","1"
"2024-02-16T17:52:57.000Z","text","enjoy my curse","","","3","","1"
"2024-02-16T15:09:59.000Z","text","现在可能只能等转世了","","","","","1"
"2024-02-16T11:07:26.000Z","text","《链上雄安》","","","7","",""
"2024-02-16T10:59:16.000Z","text","突然想到一件事： 的地皮后来怎么样了？

我记得上个周期北京某大佬大量买入voxel的土地说是要传给下一代来着","","","11","","9"
"2024-02-16T06:35:43.000Z","text","Buy an industrial park in Myawaddy","","","","","1"
"2024-02-15T15:02:42.000Z","text","Gud ponzi","","","2","","1"
"2024-02-15T14:53:15.000Z","image","Officially SAXXED ","","https://pbs.twimg.com/media/GGYtOP0bMAA7r2B?format=jpg&name=small","15","7","8"
"2024-02-15T13:48:21.000Z","text","去年我记得有过这么一个项目，黄了","","","","","1"
"2024-02-15T09:23:45.000Z","text","而 $Blur $Auction #AUCTION 比较符合  所说的拆分盘理论，但我也有不同的观点，无论是 blur 还是 auction，他们做的新盘理论上的天花板和价值都是远远超过他们目前的本币的

这就是他们拆分盘做得好的原因。Blur我感觉更互助，当然你说Blast是他的拆分也没毛病","","","10","4","2"
"2024-02-15T03:31:01.000Z","text","如果算上这个时间周期，郁金香压根不是骗局，而是generational wealth，正好一代人","","","5","","2"
"2024-02-15T02:43:18.000Z","text","换句话说，你Starknet有本事筛女巫，敢不敢公布筛了多少，被筛的地址的TVL和volume有多少，拿掉了这些数据你TVL和volume还剩多少？

别又当又立又吃又拿，让当家看看你脱了airdrop farming这块遮羞布以后腚到底有多大？ ","","","19","","6"
"2024-02-15T02:07:13.000Z","text","Yep","","","","",""
"2024-02-15T01:58:32.000Z","text"," you can’t let this slip","","","1","","3"
"2024-02-15T01:54:21.000Z","text","这种就是纯粹扯淡了，所有人都心知肚明Starknet，Zksync之流，超过95%以上的所谓用户和资金都来自于工业化撸毛，没有这些从数据面上这两个货上所都费劲，你现在告诉我女巫没资格喊冤

不好意思，这叫卸磨杀驴，是一种人人得而诛之的行为我讲句正确的废话。

Trusta Labs只会漏杀，绝不会错杀。

被女巫规则过滤，只能说明你真的是女巫。

我的观念是，在撸毛界，女巫应该是没资格喊冤的。","","","65","3","18"
"2024-02-14T20:19:59.000Z","text","There’s gonna be a whole English series but I do need some extra help with it","","","","","1"
"2024-02-14T20:15:47.000Z","text","For the first time I agree w you on something","","","3","","1"
"2024-02-14T07:31:39.000Z","text","恭喜   中奖。请注意自己的DM，告诉我你们捐赠想要写上的名字感谢大家的收听【开源镰刀】新年开箱，我会稍后公布捐棺材的幸运听众。祝大家龙年大发

 https://twitter.com/i/spaces/1BdGYrXywRAJX…","","","6","1","8"
"2024-02-13T17:51:02.000Z","text","Guess I’m now blacklisted in Berachain right? ","","","","","1"
"2024-02-13T17:34:15.000Z","text","推荐阳江海陵岛","","","","","1"
"2024-02-13T16:32:24.000Z","text","感谢大家的收听【开源镰刀】新年开箱，我会稍后公布捐棺材的幸运听众。祝大家龙年大发","","","41","8","12"
"2024-02-13T14:16:22.000Z","text","？","","","","","1"
"2024-02-13T14:12:41.000Z","text","","","","17","10","19"
"2024-02-13T13:39:19.000Z","text","不好意思各位，由于逛夜市堵车，Space向后延迟30分钟，改为深圳时间10:30pm开始","","","4","","7"
"2024-02-13T07:33:09.000Z","text","fomo3d没有必要做可持续","","","","",""
"2024-02-13T04:18:05.000Z","text","互助盘你要这么想的话","","","1","","2"
"2024-02-13T03:13:58.000Z","text","你可以考虑减成两顿饭全都换成三文鱼色拉和海鲜酱虾","","","","","1"
"2024-02-12T17:26:33.000Z","text","SFL","","","1","",""
"2024-02-12T16:48:41.000Z","text","提问：我做抽奖为什么连个xpet都没有？越南水军不要不识好歹 Thôi nào","","","2","","5"
"2024-02-12T16:37:21.000Z","text","我开一个twitter号吧不行","","","2","","2"
"2024-02-12T16:35:30.000Z","text","/wen","","","1","","1"
"2024-02-12T16:32:48.000Z","text","","","","4","3","5"
"2024-02-12T15:43:03.000Z","text","哈哈哈有道理","","","","",""
"2024-02-12T15:39:58.000Z","image","开源镰刀 - 新年开箱Space企划【新年新Ponzi】

赶在迎财神前，聊一聊2024怎样起盘子、玩盘子

主要Agenda：
1. 复盘2023年值得一提的盘子与模式
2. 浅谈2024盘圈的变化【受众】【设计思路】【起盘科技】【工业化】【背书】
3. 2024案例赏析(请在下方留言想听的案例分析)
4. 开源镰刀2024计划

时间:…","","https://pbs.twimg.com/media/GGJbIqMbcAAfGB1?format=png&name=small","58","16","39"
"2024-02-12T08:47:08.000Z","image","People who shout "韭菜盘" are absolutely the dumbest

You do realize that no matter how gud one's fundamentals are, 韭菜 are always the last to catch the knives?

The sooner you are in the game, the better off you will be","","https://pbs.twimg.com/media/GGH8WvjaUAAgPpm?format=jpg&name=medium","14","1","1"
"2024-02-12T07:23:14.000Z","text","少吃 多動 多排","","","","","2"
"2024-02-12T06:39:05.000Z","text","太强了","","","","",""
"2024-02-12T06:38:34.000Z","image","你们为什么都在说“大的要来了”，是过节都吃坏了吗？","","https://pbs.twimg.com/media/GGHfOafaMAA01ry?format=jpg&name=medium","11","1","8"
"2024-02-11T07:32:04.000Z","text","《互助盘》","","","4","",""
"2024-02-11T03:58:20.000Z","text","怕，还怎么博？","","","2","","1"
"2024-02-11T03:38:01.000Z","text","非常好这个讨论","","","1","",""
"2024-02-11T03:13:12.000Z","image","14/ 而是他们作为新人类追求经济生活中一切的主权定价和自由定价。旧人类会将自己的时间精力批发给公司/组织，新人类要求定价和分润，从外界来看给人一种“币圈人只求挣钱只玩盘子的刻板印象。

旧人类活着第一是要吃饭，新人类活着第一也是要吃饭，只是方式不同。

先解决吃饭，再谈淫欲","","https://pbs.twimg.com/media/GFnYV43akAAFJ61?format=jpg&name=360x360","1","","1"
"2024-02-11T03:12:05.000Z","text","不一样的，crypto和csgo是迭代关系。CSGO炒作刀的主力是可以抛开csgo单独去炒刀的“野生做市商”。游戏性和炒作这个事情本身对这个群体来说是无关的，只是碰巧是CSGO罢了，这个在web2里很难复制，但crypto可以。这就是为什么我说群体受众优先于产品的原因。我们是为了这个反传统，追求自由随时随地定价交…","","","9","","2"
"2024-02-11T03:02:36.000Z","text","我的理解是让他们无感接触crypto，然后全员变成degen。能被吸引到crypto的人，本身就是反建制、反传统光谱的人。传统建制派是无法进入crypto的","","","5","","1"
"2024-02-11T02:10:40.000Z","text","问题在于，大家觉得不玩crypto的Web2用户接触了Web3以后，是会变成我们一样的degen，还是仍然保持像原来不变？","","","6","","2"
"2024-02-10T09:18:42.000Z","text","","","","1","",""
"2024-02-10T09:18:30.000Z","text","Wen Bangkok","","","1","","1"
"2024-02-10T05:13:05.000Z","video","","https://video.twimg.com/tweet_video/GF84e7nbkAA2dzz.mp4","","","",""
"2024-02-10T03:38:27.000Z","text","他有一个总览的报告，用那个报告标记完了再做下一步就行了","","","4","",""
"2024-02-10T03:04:51.000Z","text","Messari报告读一遍，华强北聊一聊，很快搞定","","","9","","2"
"2024-02-10T02:44:02.000Z","text","互助盘逻辑，不这么操作的做项目不在谱上","","","2","",""
"2024-02-10T02:13:59.000Z","text","每次都不一样其实，问题是有的人采取的策略是每次都一样，才会导致每次都一样这个结果","","","","",""
"2024-02-09T12:39:10.000Z","video","大年夜拉盘说明一个问题：一切西方都是纸老虎，只有老中才能救比特币

#chinesesavethecoin","","https://pbs.twimg.com/amplify_video_thumb/1755934298002362368/img/YJyKAr_nuoV59c1X.jpg","18","1","8"
"2024-02-09T10:36:24.000Z","text","为何你如此有文化","","","","","3"
"2024-02-09T10:25:32.000Z","text","想多了，发给他们以后他们会告诉你VC项目狗都不玩","","","1","","3"
"2024-02-09T07:22:17.000Z","text","Don’t see any reason you shouldn’t man😂","","","1","","1"
"2024-02-09T04:26:12.000Z","image","祝大家龙年新年行大运，新的一年知行合一，赚在当下！

Happy Dragon new year mfs! May you always hit the bullseye, and earn in prod!! ","","https://pbs.twimg.com/media/GF3kKNqbEAAqu9L?format=jpg&name=large","28","1","10"
"2024-02-09T02:31:04.000Z","text","Isn’t that how Costco works?","","","1","",""
"2024-02-09T01:59:54.000Z","image","$smh 过年给大家表演了个窜天猴，是Gate终于把钱包安好了么？","","https://pbs.twimg.com/media/GF3CrbIbwAAOfzg?format=jpg&name=medium","7","","5"
"2024-02-08T13:17:41.000Z","text","如果我是土狗流水盘，并且我知道我空投就会触犯传播，I would never stop","","","","","1"
"2024-02-08T12:42:26.000Z","text","你用它可以源源不断获得土狗空投，这是社交版的worldcoin","","","2","","4"
"2024-02-08T08:19:33.000Z","text","？","","","2","","4"
"2024-02-08T05:35:22.000Z","text","看得我想给自己绝育了","","","3","","8"
"2024-02-08T02:25:44.000Z","image","当铲子过多的时候，大家会抄起铲子互殴","","https://pbs.twimg.com/media/GFx_AF_bMAAPOtO?format=jpg&name=360x360","6","",""
"2024-02-07T21:10:53.000Z","text","老板过奖了","","","1","",""
"2024-02-07T18:18:15.000Z","text","老板dddd","","","","",""
"2024-02-07T18:00:11.000Z","text","好吃又好玩","","","1","",""
"2024-02-07T17:45:56.000Z","image","大胆点，土狗、铭文、404都指向一种范式转移：

function on token (FOT) 功能收敛至Token

Safemoon: tax on token
铭文/404: liquidity management on token (一个手动一个自动)

既然能用一个token实现一个功能，为啥要造个协议来解决问题?

危机不仅是NFTFi，而是所有“协议”

如无必要，勿增实体","","https://pbs.twimg.com/media/GFwIBUeakAAs3iz?format=png&name=900x900","52","12","6"
"2024-02-07T17:29:41.000Z","text","mm","","","","",""
"2024-02-07T16:58:30.000Z","text","学过很多道理，依然开不好盘子","","","2","","1"
"2024-02-07T13:05:48.000Z","text","我在思考","","","","","3"
"2024-02-07T12:04:52.000Z","text","前者我已经说了，后者得罪人","","","2","","3"
"2024-02-07T10:44:39.000Z","text","格局打开","","","","","3"
"2024-02-07T09:39:55.000Z","text","Told ya","","","","","4"
"2024-02-07T09:26:38.000Z","text","最顶的深圳盘","","","5","","4"
"2024-02-07T09:25:48.000Z","text","这是盘出了哲学","","","","","4"
"2024-02-07T09:25:14.000Z","image","我看到FUD ERC404的基本上都是技术出身的。说实话，他们越FUD，我越Bullish

这跟技术创新无关，这跟市值创新非常非常有关","","https://pbs.twimg.com/media/GFuVbOPbsAAq60Q?format=png&name=360x360","86","10","29"
"2024-02-07T09:01:33.000Z","text","欧美韭菜的购买力是严重被高估的。说的不好听一点，Mobile和Honey有哪波主升浪是欧美自己带起来的","","","9","","5"
"2024-02-07T08:25:32.000Z","text","还凑合","","","","","5"
"2024-02-07T08:18:54.000Z","text","没事，下次来我请","","","","","4"
"2024-02-07T06:57:46.000Z","text","声明：我亲眼看到巫师在Nana的Kbank ATM取了50株","","","","","1"
"2024-02-07T06:54:49.000Z","text","这么说我就更bullish了","","","5","",""
"2024-02-07T06:54:11.000Z","text","大美兴，川普王","","","","",""
"2024-02-07T05:36:52.000Z","text","你这事只能私信说","","","","","1"
"2024-02-07T05:24:56.000Z","text","上点爽身粉，注意个人卫生","","","1","",""
"2024-02-07T05:24:31.000Z","text","别瞎说，我没有","","","","","1"
"2024-02-07T05:24:05.000Z","image","","","https://pbs.twimg.com/media/GFteOp7boAAJh1y?format=jpg&name=medium","","",""
"2024-02-07T04:21:47.000Z","image","干了9年加密，最终意识到，我在crypto只干三件事:

邪教、庞氏、赌场","","https://pbs.twimg.com/media/GFtP93LboAAE1-a?format=png&name=small","167","16","39"
"2024-02-07T04:18:11.000Z","text","BTC有了好盘子记得叫我，目前没有能打的","","","","",""
"2024-02-07T04:02:47.000Z","text","erc404解决了做市问题，从低流动性到高流动性的转换，拆分盘科技的跃进","","","2","","1"
"2024-02-07T03:34:21.000Z","text","有点意思","","","1","","1"
"2024-02-07T01:51:47.000Z","text","说这个创新不值钱的，大概率自己没有发过盘子没有做过市值","","","6","","2"
"2024-02-07T01:46:15.000Z","text","gm","","","1","","1"
"2024-02-06T06:28:50.000Z","text","桂X海珠玉在前，还是算了","","","2","",""
"2024-02-06T04:21:47.000Z","text","前面是起盘，这个是指导cx","","","","",""
"2024-02-06T03:19:05.000Z","text","the ponzi of ponzis","","","","","1"
"2024-02-06T03:13:04.000Z","text","难度不是因为日化，而是这个盘子的模型。日1%加高成本地推就难度上来了","","","1","",""
"2024-02-06T01:00:49.000Z","text","毕竟你是来赚钱的，不是来写教案的

Tagging chads:



















","","","9","","6"
"2024-02-06T01:00:48.000Z","image","17/ 有趣的是，对不少玩币纯盘传统用户来说，币圈原生用户也是权威。

这意味着用degen类项目根据用户风险偏好魔改，采用更威权式的传播路径，打纯盘圈用户是可行的 - 因为天然的信息差。

当然，前提是魔改的既要保留crypto native那个逼格的味儿，又要让大爷大妈看得懂，不要只顾一头。","","https://pbs.twimg.com/media/GFnYYZRbsAAqFKZ?format=jpg&name=medium","5","","6"
"2024-02-06T01:00:45.000Z","image","17/当然这种模式的问题是成本过高。纯币网推虽然买量贵，但是线下网推搞接待租办公室前期成本更是离谱，最要命的是辐射面小。大量撸子吃招待，社区长带头跑不可控

这意味着地推模式的项目客单价必须要高，而高客单价需要强信任强背书

这个问题的终极解决方案，就是缅北精聊。效率高，可控强，成本低","","https://pbs.twimg.com/media/GFnYX9MagAA8rm8?format=jpg&name=360x360","3","","1"
"2024-02-06T01:00:42.000Z","video","15/理解这一点是道，剩下的都是术

如果你的B+C受众符合“新人类”标准，那么你的信息需要突出14/里的价值观，这就是为什么meme在crypto强势的原因 - 既是信息也是触发。这里的meme是广义，你的盘子制度背书故事团队等等都是meme的一部分，才能最大化传播

渠道选用这类人易出现的: 推、Tiktok、Reddit等","https://video.twimg.com/tweet_video/GFnYWlgbAAA8La3.mp4","https://pbs.twimg.com/tweet_video_thumb/GFnYWlgbAAA8La3.jpg","2","","1"
"2024-02-06T01:00:38.000Z","image","15/ 从这一点，也就不难理解为什么那些高喊非金融应用，Web3游戏，Web3社交的纷纷败走麦城了。本质上是对自己受众诉求不理解，脱离了经济性去谈可玩性去谈社交粘性对于新人类都白扯

不信就看看  纯去中心化social无人问津，一朝社交土狗launchpad天下闻名。再看看Lens，不发币就等孝帽子了:最好的链上社交不是 @LensProtocol，而是@DuneAnalytics

最好的全链游戏不是@darkforest_eth，而是@Uniswap

Crypto非金融应用错的不是“没有mass adoption”，而是没有服务Crypto原生的需求。不是产品不行，而是用户不行

CHANGE MY MIND👇🧵","","https://pbs.twimg.com/media/F0e87PiaMAI_Cfj?format=jpg&name=small","9","1","2"
"2024-02-06T01:00:37.000Z","image","14/ 而是他们作为新人类追求经济生活中一切的主权定价和自由定价。旧人类会将自己的时间精力批发给公司/组织，新人类要求定价和分润，从外界来看给人一种“币圈人只求挣钱只玩盘子的刻板印象。

旧人类活着第一是要吃饭，新人类活着第一也是要吃饭，只是方式不同。

先解决吃饭，再谈淫欲","","https://pbs.twimg.com/media/GFnYV43akAAFJ61?format=jpg&name=360x360","4","2","1"
"2024-02-06T01:00:35.000Z","video","13/ 这就是纯crypto社区的口号不论什么项目，基本都围绕去中心化、公平、无需可，而非应用、效率、秩序的原因。这是受众而非偏见决定的。

形而上说，该类受众，我称为“新人类”(鋼彈里的newtype), 是人类进化的新阶段。他们的经济表现形式就是一切的金融化，任何行为都要to earn。不是他们更逐利","https://video.twimg.com/tweet_video/GFnYUycaEAA4lsd.mp4","https://pbs.twimg.com/tweet_video_thumb/GFnYUycaEAA4lsd.jpg","8","","1"
"2024-02-06T01:00:30.000Z","image","12/ 传播同样也基于受众，因此可以代入8/中的测试。B和C很难精确评估行为，所以着重价值观与认知

币圈能抓住的往往是反权威、非体制化、社会边缘人群，他们更不容易将自己的信任无条件授权给权威，更可能拒绝接受体制对个体定价，类似于哈伯格税中描述的情况

当你的信息符合以上特性，你就能接近他们","","https://pbs.twimg.com/media/GFnYUSKbIAAwDOd?format=jpg&name=small","4","","2"
"2024-02-06T01:00:29.000Z","image","11/ 狗庄的韭菜池辐射面决定了他能做什么盘，而不是狗庄想做什么盘然后扔给社区去推，这属于本末倒置

再者，能够谈“辐射""必然涉及到一个传播问题。传播决定了盘子能做多大，能赚多少。首先A区不用考虑传播问题，主要是B区和C区。如何让更多的B区和C区：
- 看到 - 渠道
- 认同 - 信息
- 上车 - 触发","","https://pbs.twimg.com/media/GFnYT4la4AA9e1_?format=jpg&name=small","4","","1"
"2024-02-06T01:00:27.000Z","image","10/ 因此19-20年深圳主要的盘子模型是理财盘(Plustoken),商城返利等分红盘, 和带拆分盘特性的分红盘(花火、银河)。这些盘符合:
- 纯用币出入金
- 中心化近似交易所的体验，方便插入各种背书，用户维权阈值过低所以不论怎样泵跑跑路都差不多
- 做CX市场结构和日化稳定分红，用拆分盘喊单赚流水和消泡沫","","https://pbs.twimg.com/media/GFnYTcra4AA09Ec?format=jpg&name=360x360","2","","1"
"2024-02-06T01:00:25.000Z","image","9/ 回答这些，将帮助你决定崩盘模型和三盘取舍。

比如大部分深圳2019年的CX社区
- 多为个体人士,可以接受币
- 大部分需要市场领导人帮忙出入金，会用交易所。信任建立方式偏传统要背书，项目维权阈值较低
- 用户更接近债权投资人但接受小额股权博弈，回报需求日化1%，大多懂CX制度、事实更倾向于喊单","","https://pbs.twimg.com/media/GFnYS_zbgAAT-f8?format=jpg&name=900x900","2","1","2"
"2024-02-06T01:00:23.000Z","image","8/ 纯币圈角度, 我将这个标准总结为有先后的4点:
- 价值观: 是否反传统?是否接受币?
- 认知: 是否会出入金，会用钱包 or只能交易所，怎么建立信任? 项目多操蛋会维权?
- 信息来源: 推特电报还是微信群朋友圈？
- 用户风险偏好: 更像债权还是股权投资人? 对回报周期与年化需求? 做市场还是纯喊单?","","https://pbs.twimg.com/media/GFnYSmCbcAAFPly?format=jpg&name=small","3","1","1"
"2024-02-06T01:00:22.000Z","image","7/ 此时不论什么项目，这个庄家集团的"狭义毛TAM"应该是全体成员A+B总和。为什么是狭义-毛? 因为只考虑这个集团的当下既有辐射面；为什么是毛？因为具体到某个题材，这个辐射面里未必所有人都大概率买单

然而市场变化速度快，题材选择无限，而你的韭菜池是不变的。你需要一个测试去评估你的辐射面","","https://pbs.twimg.com/media/GFnYSJqbwAA-3Pr?format=png&name=360x360","2","","1"
"2024-02-06T01:00:11.000Z","image","1/
常在深圳的朋友可能碰到过这样的庄，他们上个周期赚了钱,上来就告诉你自己看市场上什么模式/产品火，就想能不能做这样一个类似的，改一改，塞入老的模式和推广制度，干就完了

结果往往是，花了很长时间开发，准备物料，然后对接社区长，办大会准备开动时，发现市场推不动，成本巨高，入金起不来","","https://pbs.twimg.com/media/GFnYPcPbUAAsjCu?format=jpg&name=medium","1","","1"
"2024-02-06T01:00:09.000Z","image","【Open Rug #6 - 三盘理论5】我们常常看到一个盘子，即使从三盘理论的角度也设计的十分精密，但推向市场后，却反应寥寥，不及预期

这大概率不是盘子设计出了问题，而是“受众分析与传播方式”出了问题。给瞎子做手电，给聋子搞Hi-Fi

本来本篇只做内部学习，但考虑再三还是发出*

让我们潜入进去🧵","","https://pbs.twimg.com/media/GFnYO8XbEAA-Hnl?format=png&name=360x360","155","68","30"
"2024-02-05T15:21:04.000Z","text","提前开市场是指？","","","","","1"
"2024-02-05T13:27:29.000Z","image","蓝火加特林开始了，抢尾数69的mint序列Telepathy Patronus Staff is now live on BRC-420!

Tick is: Patronus Staff

Inscription ID: 46dd4a7cfb48132b2a4d06cbebdcf4a340192ba386c6f76832221c51e8d67b77i0

Link: https://brc420.io/tokens/5124cd0f8417ad518fbf236fd468c9a964f3ba4eca7e538f17dde584e501baddi0…

Let's go Brrrrrrrrrrr 🔫👾👾👾
#TEL3","","https://pbs.twimg.com/media/GFk19rdb0AA4Up-?format=jpg&name=medium","5","","1"
"2024-02-05T12:30:28.000Z","text","有没有技术不知道，但是有cx展示了。技术这东西，又不是啥航天科技对吧","","","1","",""
"2024-02-05T09:02:26.000Z","text","你对路了","","","2","","1"
"2024-02-05T08:09:14.000Z","text","大约20U","","","1","",""
"2024-02-05T07:41:06.000Z","text","我的呢？","","","","","1"
"2024-02-05T06:16:30.000Z","text","何必自己上场当镰刀？

王侯将相，宁有种乎","","","4","","1"
"2024-02-05T04:46:55.000Z","text","跳大神跳出了新盘子😂守护去中心化索引网络的…加特林法杖

今晚9点， BRC420上的第一个fomo3d盘子

一共42069个，尾号69的mint能分奖池
没分到也不用慌，拿着加特林可以参加测试网，大部分的奖池在测试网里

拿着#Tel3 的有福报，新增地址和总持仓前列都能分奖池A brief tutorial on how to ape in Partonus Staff mint on @BitmapTech 🧵

#BRC420 #TEL3 #FOMO3D x.com/telepathy_so/s…","","","28","7","7"
"2024-02-04T14:48:28.000Z","text","笑yue了","","","2","",""
"2024-02-04T01:58:58.000Z","text","Gib BRC420 some real ponzi shit man","","","2","",""
"2024-02-03T19:22:14.000Z","text","Always has been","","","1","","2"
"2024-02-03T10:48:28.000Z","text","Don’t leave depin behind","","","","","1"
"2024-02-03T07:18:52.000Z","text","Big Cheetos make Ords come","","","2","","1"
"2024-02-02T12:21:26.000Z","text","wen","","","","","2"
"2024-02-02T08:02:30.000Z","text","TVL其实也可以。但是其实已经是最真实的了。TVL就是crypto的DAU","","","3","","1"
"2024-02-02T05:47:09.000Z","text","看我highlight，有详细的分析","","","1","",""
"2024-02-02T05:26:44.000Z","text","众所周知，TVL是为了给投资人交代、给上所找理由，或者拉融资

什么时候这帮人不买账了，什么时候就不staking了Staking 是 Web3 精神的倒退，钱终究流向了更富有的人。","","","42","3","14"
"2024-02-02T02:35:46.000Z","text","想多了，压根没人认为rollup是王冠。相反，他是修复eth屎山的拐杖，只是rollup这个概念marketinh经费比较充足，不用多费口舌解释罢了","","","8","","2"
"2024-02-01T15:58:25.000Z","text","可见去中心化索引多重要 #tel3","","","7","2","4"
"2024-01-31T20:30:15.000Z","image","不懂就问：

$Jup 的空投规则有说交易必须在什么时间之前完成吗？我两个主钱包没拿到，小号反而拿到了","","https://pbs.twimg.com/media/GFMqguWXoAA26wW?format=jpg&name=240x240","5","","8"
"2024-01-31T20:28:41.000Z","image","大家千盼万盼，这货终于回调了

希望庄不要不识抬举，好好200sat挂单

","","https://pbs.twimg.com/media/GFMqJsQWQAEEpHD?format=jpg&name=large","14","2","7"
"2024-01-31T20:14:22.000Z","text","有一說一他課講得不錯","","","1","","1"
"2024-01-30T06:08:13.000Z","text","老哥已经玩明白了👍bounce原先的逻辑就是拆分盘，持币获得不断的新项目额度。但是ido这种方式很难锁住已有筹码的抛压的，所以拆分以后不断形成套利需求。团队的收入来源应该基本是市值利润，所以币要锁住才能拉。估计因为这个才改成硬锁的积分互助，不过这个也太硬了","","","2","",""
"2024-01-30T00:46:16.000Z","text","Elon Musk喊单跳大神

#TEL3，启动！The first @Neuralink product is called Telepathy","","","33","6","18"
"2024-01-29T15:19:33.000Z","image"," 姐，再不上线赶不上席了We're the first-to-market with four new inscription token standards across #Web3 Wallet and Marketplace:

◼️ Atomicals
◼️ Stamps
◼️ Runes
◼️ Doginals

Details here: https://bit.ly/4bthrSL","","https://pbs.twimg.com/media/GFBHDTSa0AAtgG2?format=jpg&name=medium","3","","1"
"2024-01-29T15:12:03.000Z","text","你啥时候上的车😂#tel3","","","3","","1"
"2024-01-29T11:21:53.000Z","text","哥你咋还没上车，33万FDV就发了哟😂","","","3","1","1"
"2024-01-29T04:46:47.000Z","text","启动！","","","1","","1"
"2024-01-29T04:34:57.000Z","image","本来是当成一个反L2的meme发的，

30万FDV发当个乐子，没想到最后有点东西

从没见过哪个社区上车大家一起想办法FUD催对方放货的

等更细节的ponzi机制出来，好好分析一下

BTC需要更多的ponzi，而不是更空洞的基建 #TEL3","","https://pbs.twimg.com/media/GE-8pSOXEAAMAtD?format=png&name=small","53","9","30"
